--
-- PostgreSQL database dump
--


-- Dumped from database version 18.4
-- Dumped by pg_dump version 18.4

SET statement_timeout = 0;
SET lock_timeout = 0;
SET idle_in_transaction_session_timeout = 0;
SET transaction_timeout = 0;
SET client_encoding = 'UTF8';
SET standard_conforming_strings = on;
SELECT pg_catalog.set_config('search_path', '', false);
SET check_function_bodies = false;
SET xmloption = content;
SET client_min_messages = warning;
SET row_security = off;

SET default_tablespace = '';

SET default_table_access_method = heap;

--
-- Name: cart_items; Type: TABLE; Schema: public; Owner: -
--

CREATE TABLE public.cart_items (
    id bigint NOT NULL,
    cart_id bigint NOT NULL,
    product_id bigint NOT NULL,
    variant_id bigint NOT NULL,
    quantity integer NOT NULL,
    unit_price numeric(12,2) NOT NULL,
    created_at timestamp without time zone DEFAULT CURRENT_TIMESTAMP NOT NULL,
    updated_at timestamp without time zone DEFAULT CURRENT_TIMESTAMP NOT NULL,
    CONSTRAINT chk_cart_items_quantity CHECK ((quantity > 0)),
    CONSTRAINT chk_cart_items_unit_price CHECK ((unit_price >= (0)::numeric))
);


--
-- Name: cart_items_id_seq; Type: SEQUENCE; Schema: public; Owner: -
--

ALTER TABLE public.cart_items ALTER COLUMN id ADD GENERATED BY DEFAULT AS IDENTITY (
    SEQUENCE NAME public.cart_items_id_seq
    START WITH 1
    INCREMENT BY 1
    NO MINVALUE
    NO MAXVALUE
    CACHE 1
);


--
-- Name: carts; Type: TABLE; Schema: public; Owner: -
--

CREATE TABLE public.carts (
    id bigint NOT NULL,
    user_id bigint NOT NULL,
    created_at timestamp without time zone DEFAULT CURRENT_TIMESTAMP NOT NULL,
    updated_at timestamp without time zone DEFAULT CURRENT_TIMESTAMP NOT NULL
);


--
-- Name: carts_id_seq; Type: SEQUENCE; Schema: public; Owner: -
--

ALTER TABLE public.carts ALTER COLUMN id ADD GENERATED BY DEFAULT AS IDENTITY (
    SEQUENCE NAME public.carts_id_seq
    START WITH 1
    INCREMENT BY 1
    NO MINVALUE
    NO MAXVALUE
    CACHE 1
);


--
-- Name: categories; Type: TABLE; Schema: public; Owner: -
--

CREATE TABLE public.categories (
    id bigint NOT NULL,
    name character varying(120) NOT NULL,
    slug character varying(160) NOT NULL,
    description text,
    active boolean DEFAULT true NOT NULL,
    created_at timestamp without time zone DEFAULT CURRENT_TIMESTAMP NOT NULL,
    updated_at timestamp without time zone DEFAULT CURRENT_TIMESTAMP NOT NULL
);


--
-- Name: categories_id_seq; Type: SEQUENCE; Schema: public; Owner: -
--

ALTER TABLE public.categories ALTER COLUMN id ADD GENERATED BY DEFAULT AS IDENTITY (
    SEQUENCE NAME public.categories_id_seq
    START WITH 1
    INCREMENT BY 1
    NO MINVALUE
    NO MAXVALUE
    CACHE 1
);


--
-- Name: contacts; Type: TABLE; Schema: public; Owner: -
--

CREATE TABLE public.contacts (
    id bigint NOT NULL,
    full_name character varying(120) NOT NULL,
    email character varying(160) NOT NULL,
    message text NOT NULL,
    status character varying(20) DEFAULT 'NEW'::character varying NOT NULL,
    created_at timestamp without time zone DEFAULT CURRENT_TIMESTAMP NOT NULL,
    CONSTRAINT chk_contacts_status CHECK (((status)::text = ANY ((ARRAY['NEW'::character varying, 'READ'::character varying, 'REPLIED'::character varying])::text[])))
);


--
-- Name: contacts_id_seq; Type: SEQUENCE; Schema: public; Owner: -
--

ALTER TABLE public.contacts ALTER COLUMN id ADD GENERATED BY DEFAULT AS IDENTITY (
    SEQUENCE NAME public.contacts_id_seq
    START WITH 1
    INCREMENT BY 1
    NO MINVALUE
    NO MAXVALUE
    CACHE 1
);


--
-- Name: order_items; Type: TABLE; Schema: public; Owner: -
--

CREATE TABLE public.order_items (
    id bigint NOT NULL,
    order_id bigint NOT NULL,
    product_id bigint,
    variant_id bigint,
    product_name character varying(180) NOT NULL,
    image_url character varying(500),
    size character varying(30),
    color character varying(60),
    quantity integer NOT NULL,
    unit_price numeric(12,2) NOT NULL,
    line_total numeric(12,2) NOT NULL,
    created_at timestamp without time zone DEFAULT CURRENT_TIMESTAMP NOT NULL,
    CONSTRAINT chk_order_items_amounts CHECK (((unit_price >= (0)::numeric) AND (line_total >= (0)::numeric))),
    CONSTRAINT chk_order_items_quantity CHECK ((quantity > 0))
);


--
-- Name: order_items_id_seq; Type: SEQUENCE; Schema: public; Owner: -
--

ALTER TABLE public.order_items ALTER COLUMN id ADD GENERATED BY DEFAULT AS IDENTITY (
    SEQUENCE NAME public.order_items_id_seq
    START WITH 1
    INCREMENT BY 1
    NO MINVALUE
    NO MAXVALUE
    CACHE 1
);


--
-- Name: orders; Type: TABLE; Schema: public; Owner: -
--

CREATE TABLE public.orders (
    id bigint NOT NULL,
    code character varying(40) NOT NULL,
    user_id bigint,
    receiver_name character varying(120) NOT NULL,
    receiver_phone character varying(30) NOT NULL,
    shipping_address text NOT NULL,
    subtotal numeric(12,2) DEFAULT 0 NOT NULL,
    shipping_fee numeric(12,2) DEFAULT 0 NOT NULL,
    discount numeric(12,2) DEFAULT 0 NOT NULL,
    total numeric(12,2) DEFAULT 0 NOT NULL,
    payment_method character varying(30) DEFAULT 'COD'::character varying NOT NULL,
    payment_status character varying(30) DEFAULT 'UNPAID'::character varying NOT NULL,
    status character varying(30) DEFAULT 'PENDING'::character varying NOT NULL,
    note text,
    created_at timestamp without time zone DEFAULT CURRENT_TIMESTAMP NOT NULL,
    updated_at timestamp without time zone DEFAULT CURRENT_TIMESTAMP NOT NULL,
    CONSTRAINT chk_orders_amounts CHECK (((subtotal >= (0)::numeric) AND (shipping_fee >= (0)::numeric) AND (discount >= (0)::numeric) AND (total >= (0)::numeric))),
    CONSTRAINT chk_orders_payment_status CHECK (((payment_status)::text = ANY ((ARRAY['UNPAID'::character varying, 'PAID'::character varying, 'REFUNDED'::character varying])::text[]))),
    CONSTRAINT chk_orders_status CHECK (((status)::text = ANY ((ARRAY['PENDING'::character varying, 'CONFIRMED'::character varying, 'SHIPPING'::character varying, 'COMPLETED'::character varying, 'CANCELLED'::character varying])::text[])))
);


--
-- Name: orders_id_seq; Type: SEQUENCE; Schema: public; Owner: -
--

ALTER TABLE public.orders ALTER COLUMN id ADD GENERATED BY DEFAULT AS IDENTITY (
    SEQUENCE NAME public.orders_id_seq
    START WITH 1
    INCREMENT BY 1
    NO MINVALUE
    NO MAXVALUE
    CACHE 1
);


--
-- Name: product_images; Type: TABLE; Schema: public; Owner: -
--

CREATE TABLE public.product_images (
    id bigint NOT NULL,
    product_id bigint NOT NULL,
    image_url character varying(500) NOT NULL,
    is_thumbnail boolean DEFAULT false NOT NULL,
    sort_order integer DEFAULT 1 NOT NULL,
    created_at timestamp without time zone DEFAULT CURRENT_TIMESTAMP NOT NULL,
    CONSTRAINT chk_product_images_sort_order CHECK ((sort_order > 0))
);


--
-- Name: product_images_id_seq; Type: SEQUENCE; Schema: public; Owner: -
--

ALTER TABLE public.product_images ALTER COLUMN id ADD GENERATED BY DEFAULT AS IDENTITY (
    SEQUENCE NAME public.product_images_id_seq
    START WITH 1
    INCREMENT BY 1
    NO MINVALUE
    NO MAXVALUE
    CACHE 1
);


--
-- Name: product_variants; Type: TABLE; Schema: public; Owner: -
--

CREATE TABLE public.product_variants (
    id bigint NOT NULL,
    product_id bigint NOT NULL,
    size character varying(30) NOT NULL,
    color character varying(60) NOT NULL,
    stock integer DEFAULT 0 NOT NULL,
    sku character varying(80) NOT NULL,
    price numeric(12,2),
    created_at timestamp without time zone DEFAULT CURRENT_TIMESTAMP NOT NULL,
    updated_at timestamp without time zone DEFAULT CURRENT_TIMESTAMP NOT NULL,
    CONSTRAINT chk_product_variants_price CHECK (((price IS NULL) OR (price >= (0)::numeric))),
    CONSTRAINT chk_product_variants_stock CHECK ((stock >= 0))
);


--
-- Name: product_variants_id_seq; Type: SEQUENCE; Schema: public; Owner: -
--

ALTER TABLE public.product_variants ALTER COLUMN id ADD GENERATED BY DEFAULT AS IDENTITY (
    SEQUENCE NAME public.product_variants_id_seq
    START WITH 1
    INCREMENT BY 1
    NO MINVALUE
    NO MAXVALUE
    CACHE 1
);


--
-- Name: products; Type: TABLE; Schema: public; Owner: -
--

CREATE TABLE public.products (
    id bigint NOT NULL,
    name character varying(180) NOT NULL,
    slug character varying(220) NOT NULL,
    category_id bigint NOT NULL,
    gender character varying(20) NOT NULL,
    price numeric(12,2) NOT NULL,
    old_price numeric(12,2),
    description text,
    tag character varying(20),
    status character varying(30) DEFAULT 'SELLING'::character varying NOT NULL,
    created_at timestamp without time zone DEFAULT CURRENT_TIMESTAMP NOT NULL,
    updated_at timestamp without time zone DEFAULT CURRENT_TIMESTAMP NOT NULL,
    CONSTRAINT chk_products_gender CHECK (((gender)::text = ANY ((ARRAY['MALE'::character varying, 'FEMALE'::character varying, 'UNISEX'::character varying])::text[]))),
    CONSTRAINT chk_products_old_price CHECK (((old_price IS NULL) OR (old_price >= (0)::numeric))),
    CONSTRAINT chk_products_price CHECK ((price >= (0)::numeric)),
    CONSTRAINT chk_products_status CHECK (((status)::text = ANY ((ARRAY['SELLING'::character varying, 'OUT_OF_STOCK'::character varying, 'STOPPED'::character varying, 'HIDDEN'::character varying])::text[]))),
    CONSTRAINT chk_products_tag CHECK (((tag IS NULL) OR ((tag)::text = ANY ((ARRAY['SALE'::character varying, 'HOT'::character varying, 'NEW'::character varying, 'BASIC'::character varying])::text[]))))
);


--
-- Name: products_id_seq; Type: SEQUENCE; Schema: public; Owner: -
--

ALTER TABLE public.products ALTER COLUMN id ADD GENERATED BY DEFAULT AS IDENTITY (
    SEQUENCE NAME public.products_id_seq
    START WITH 1
    INCREMENT BY 1
    NO MINVALUE
    NO MAXVALUE
    CACHE 1
);


--
-- Name: users; Type: TABLE; Schema: public; Owner: -
--

CREATE TABLE public.users (
    id bigint NOT NULL,
    full_name character varying(120) NOT NULL,
    email character varying(160) NOT NULL,
    password_hash character varying(255) NOT NULL,
    phone character varying(30),
    address text,
    role character varying(20) DEFAULT 'USER'::character varying NOT NULL,
    status character varying(20) DEFAULT 'ACTIVE'::character varying NOT NULL,
    created_at timestamp without time zone DEFAULT CURRENT_TIMESTAMP NOT NULL,
    updated_at timestamp without time zone DEFAULT CURRENT_TIMESTAMP NOT NULL,
    CONSTRAINT chk_users_role CHECK (((role)::text = ANY ((ARRAY['USER'::character varying, 'ADMIN'::character varying])::text[]))),
    CONSTRAINT chk_users_status CHECK (((status)::text = ANY ((ARRAY['ACTIVE'::character varying, 'LOCKED'::character varying])::text[])))
);


--
-- Name: users_id_seq; Type: SEQUENCE; Schema: public; Owner: -
--

ALTER TABLE public.users ALTER COLUMN id ADD GENERATED BY DEFAULT AS IDENTITY (
    SEQUENCE NAME public.users_id_seq
    START WITH 1
    INCREMENT BY 1
    NO MINVALUE
    NO MAXVALUE
    CACHE 1
);


--
-- Name: cart_items cart_items_pkey; Type: CONSTRAINT; Schema: public; Owner: -
--

ALTER TABLE ONLY public.cart_items
    ADD CONSTRAINT cart_items_pkey PRIMARY KEY (id);


--
-- Name: carts carts_pkey; Type: CONSTRAINT; Schema: public; Owner: -
--

ALTER TABLE ONLY public.carts
    ADD CONSTRAINT carts_pkey PRIMARY KEY (id);


--
-- Name: carts carts_user_id_key; Type: CONSTRAINT; Schema: public; Owner: -
--

ALTER TABLE ONLY public.carts
    ADD CONSTRAINT carts_user_id_key UNIQUE (user_id);


--
-- Name: categories categories_pkey; Type: CONSTRAINT; Schema: public; Owner: -
--

ALTER TABLE ONLY public.categories
    ADD CONSTRAINT categories_pkey PRIMARY KEY (id);


--
-- Name: categories categories_slug_key; Type: CONSTRAINT; Schema: public; Owner: -
--

ALTER TABLE ONLY public.categories
    ADD CONSTRAINT categories_slug_key UNIQUE (slug);


--
-- Name: contacts contacts_pkey; Type: CONSTRAINT; Schema: public; Owner: -
--

ALTER TABLE ONLY public.contacts
    ADD CONSTRAINT contacts_pkey PRIMARY KEY (id);


--
-- Name: order_items order_items_pkey; Type: CONSTRAINT; Schema: public; Owner: -
--

ALTER TABLE ONLY public.order_items
    ADD CONSTRAINT order_items_pkey PRIMARY KEY (id);


--
-- Name: orders orders_code_key; Type: CONSTRAINT; Schema: public; Owner: -
--

ALTER TABLE ONLY public.orders
    ADD CONSTRAINT orders_code_key UNIQUE (code);


--
-- Name: orders orders_pkey; Type: CONSTRAINT; Schema: public; Owner: -
--

ALTER TABLE ONLY public.orders
    ADD CONSTRAINT orders_pkey PRIMARY KEY (id);


--
-- Name: product_images product_images_pkey; Type: CONSTRAINT; Schema: public; Owner: -
--

ALTER TABLE ONLY public.product_images
    ADD CONSTRAINT product_images_pkey PRIMARY KEY (id);


--
-- Name: product_variants product_variants_pkey; Type: CONSTRAINT; Schema: public; Owner: -
--

ALTER TABLE ONLY public.product_variants
    ADD CONSTRAINT product_variants_pkey PRIMARY KEY (id);


--
-- Name: product_variants product_variants_sku_key; Type: CONSTRAINT; Schema: public; Owner: -
--

ALTER TABLE ONLY public.product_variants
    ADD CONSTRAINT product_variants_sku_key UNIQUE (sku);


--
-- Name: products products_pkey; Type: CONSTRAINT; Schema: public; Owner: -
--

ALTER TABLE ONLY public.products
    ADD CONSTRAINT products_pkey PRIMARY KEY (id);


--
-- Name: products products_slug_key; Type: CONSTRAINT; Schema: public; Owner: -
--

ALTER TABLE ONLY public.products
    ADD CONSTRAINT products_slug_key UNIQUE (slug);


--
-- Name: cart_items uq_cart_items_variant; Type: CONSTRAINT; Schema: public; Owner: -
--

ALTER TABLE ONLY public.cart_items
    ADD CONSTRAINT uq_cart_items_variant UNIQUE (cart_id, variant_id);


--
-- Name: users users_email_key; Type: CONSTRAINT; Schema: public; Owner: -
--

ALTER TABLE ONLY public.users
    ADD CONSTRAINT users_email_key UNIQUE (email);


--
-- Name: users users_pkey; Type: CONSTRAINT; Schema: public; Owner: -
--

ALTER TABLE ONLY public.users
    ADD CONSTRAINT users_pkey PRIMARY KEY (id);


--
-- Name: idx_cart_items_cart_id; Type: INDEX; Schema: public; Owner: -
--

CREATE INDEX idx_cart_items_cart_id ON public.cart_items USING btree (cart_id);


--
-- Name: idx_cart_items_variant_id; Type: INDEX; Schema: public; Owner: -
--

CREATE INDEX idx_cart_items_variant_id ON public.cart_items USING btree (variant_id);


--
-- Name: idx_order_items_order_id; Type: INDEX; Schema: public; Owner: -
--

CREATE INDEX idx_order_items_order_id ON public.order_items USING btree (order_id);


--
-- Name: idx_order_items_variant_id; Type: INDEX; Schema: public; Owner: -
--

CREATE INDEX idx_order_items_variant_id ON public.order_items USING btree (variant_id);


--
-- Name: idx_orders_status; Type: INDEX; Schema: public; Owner: -
--

CREATE INDEX idx_orders_status ON public.orders USING btree (status);


--
-- Name: idx_orders_user_id; Type: INDEX; Schema: public; Owner: -
--

CREATE INDEX idx_orders_user_id ON public.orders USING btree (user_id);


--
-- Name: idx_product_images_product_id; Type: INDEX; Schema: public; Owner: -
--

CREATE INDEX idx_product_images_product_id ON public.product_images USING btree (product_id);


--
-- Name: idx_product_variants_color; Type: INDEX; Schema: public; Owner: -
--

CREATE INDEX idx_product_variants_color ON public.product_variants USING btree (color);


--
-- Name: idx_product_variants_product_id; Type: INDEX; Schema: public; Owner: -
--

CREATE INDEX idx_product_variants_product_id ON public.product_variants USING btree (product_id);


--
-- Name: idx_product_variants_size; Type: INDEX; Schema: public; Owner: -
--

CREATE INDEX idx_product_variants_size ON public.product_variants USING btree (size);


--
-- Name: idx_products_category_id; Type: INDEX; Schema: public; Owner: -
--

CREATE INDEX idx_products_category_id ON public.products USING btree (category_id);


--
-- Name: idx_products_gender; Type: INDEX; Schema: public; Owner: -
--

CREATE INDEX idx_products_gender ON public.products USING btree (gender);


--
-- Name: idx_products_name; Type: INDEX; Schema: public; Owner: -
--

CREATE INDEX idx_products_name ON public.products USING btree (name);


--
-- Name: idx_products_status; Type: INDEX; Schema: public; Owner: -
--

CREATE INDEX idx_products_status ON public.products USING btree (status);


--
-- Name: cart_items cart_items_cart_id_fkey; Type: FK CONSTRAINT; Schema: public; Owner: -
--

ALTER TABLE ONLY public.cart_items
    ADD CONSTRAINT cart_items_cart_id_fkey FOREIGN KEY (cart_id) REFERENCES public.carts(id) ON DELETE CASCADE;


--
-- Name: cart_items cart_items_product_id_fkey; Type: FK CONSTRAINT; Schema: public; Owner: -
--

ALTER TABLE ONLY public.cart_items
    ADD CONSTRAINT cart_items_product_id_fkey FOREIGN KEY (product_id) REFERENCES public.products(id);


--
-- Name: cart_items cart_items_variant_id_fkey; Type: FK CONSTRAINT; Schema: public; Owner: -
--

ALTER TABLE ONLY public.cart_items
    ADD CONSTRAINT cart_items_variant_id_fkey FOREIGN KEY (variant_id) REFERENCES public.product_variants(id);


--
-- Name: carts carts_user_id_fkey; Type: FK CONSTRAINT; Schema: public; Owner: -
--

ALTER TABLE ONLY public.carts
    ADD CONSTRAINT carts_user_id_fkey FOREIGN KEY (user_id) REFERENCES public.users(id) ON DELETE CASCADE;


--
-- Name: order_items order_items_order_id_fkey; Type: FK CONSTRAINT; Schema: public; Owner: -
--

ALTER TABLE ONLY public.order_items
    ADD CONSTRAINT order_items_order_id_fkey FOREIGN KEY (order_id) REFERENCES public.orders(id) ON DELETE CASCADE;


--
-- Name: order_items order_items_product_id_fkey; Type: FK CONSTRAINT; Schema: public; Owner: -
--

ALTER TABLE ONLY public.order_items
    ADD CONSTRAINT order_items_product_id_fkey FOREIGN KEY (product_id) REFERENCES public.products(id);


--
-- Name: order_items order_items_variant_id_fkey; Type: FK CONSTRAINT; Schema: public; Owner: -
--

ALTER TABLE ONLY public.order_items
    ADD CONSTRAINT order_items_variant_id_fkey FOREIGN KEY (variant_id) REFERENCES public.product_variants(id);


--
-- Name: orders orders_user_id_fkey; Type: FK CONSTRAINT; Schema: public; Owner: -
--

ALTER TABLE ONLY public.orders
    ADD CONSTRAINT orders_user_id_fkey FOREIGN KEY (user_id) REFERENCES public.users(id);


--
-- Name: product_images product_images_product_id_fkey; Type: FK CONSTRAINT; Schema: public; Owner: -
--

ALTER TABLE ONLY public.product_images
    ADD CONSTRAINT product_images_product_id_fkey FOREIGN KEY (product_id) REFERENCES public.products(id) ON DELETE CASCADE;


--
-- Name: product_variants product_variants_product_id_fkey; Type: FK CONSTRAINT; Schema: public; Owner: -
--

ALTER TABLE ONLY public.product_variants
    ADD CONSTRAINT product_variants_product_id_fkey FOREIGN KEY (product_id) REFERENCES public.products(id) ON DELETE CASCADE;


--
-- Name: products products_category_id_fkey; Type: FK CONSTRAINT; Schema: public; Owner: -
--

ALTER TABLE ONLY public.products
    ADD CONSTRAINT products_category_id_fkey FOREIGN KEY (category_id) REFERENCES public.categories(id);


--
-- PostgreSQL database dump complete
--


--
-- PostgreSQL database dump
--


-- Dumped from database version 18.4
-- Dumped by pg_dump version 18.4

SET statement_timeout = 0;
SET lock_timeout = 0;
SET idle_in_transaction_session_timeout = 0;
SET transaction_timeout = 0;
SET client_encoding = 'UTF8';
SET standard_conforming_strings = on;
SELECT pg_catalog.set_config('search_path', '', false);
SET check_function_bodies = false;
SET xmloption = content;
SET client_min_messages = warning;
SET row_security = off;

--
-- Data for Name: categories; Type: TABLE DATA; Schema: public; Owner: -
--

INSERT INTO public.categories (id, name, slug, description, active, created_at, updated_at) VALUES (1, 'Quần', 'quan', 'Danh mục quần của Luna Fashion', true, '2026-06-26 13:58:24.510368', '2026-06-26 13:58:24.510368');
INSERT INTO public.categories (id, name, slug, description, active, created_at, updated_at) VALUES (2, 'Áo', 'ao', 'Danh mục áo của Luna Fashion', true, '2026-06-26 13:58:24.510368', '2026-06-26 13:58:24.510368');
INSERT INTO public.categories (id, name, slug, description, active, created_at, updated_at) VALUES (3, 'Hoodie', 'hoodie', 'Danh mục hoodie của Luna Fashion', true, '2026-06-26 13:58:24.510368', '2026-06-26 13:58:24.510368');
INSERT INTO public.categories (id, name, slug, description, active, created_at, updated_at) VALUES (4, 'Áo khoác', 'ao-khoac', 'Danh mục áo khoác của Luna Fashion', true, '2026-06-26 13:58:24.510368', '2026-06-26 13:58:24.510368');
INSERT INTO public.categories (id, name, slug, description, active, created_at, updated_at) VALUES (5, 'Phụ kiện', 'phu-kien', 'Danh mục phụ kiện của Luna Fashion', true, '2026-06-26 13:58:24.510368', '2026-06-26 13:58:24.510368');


--
-- Data for Name: products; Type: TABLE DATA; Schema: public; Owner: -
--

INSERT INTO public.products (id, name, slug, category_id, gender, price, old_price, description, tag, status, created_at, updated_at) VALUES (1, 'Quần jeans nam basic', 'quan-jeans-nam-basic', 1, 'MALE', 399000.00, 459000.00, 'Quần jeans nam basic phong cách hiện đại, dễ phối đồ, phù hợp sử dụng hằng ngày.', 'HOT', 'SELLING', '2026-06-26 13:58:24.510368', '2026-06-26 13:58:24.510368');
INSERT INTO public.products (id, name, slug, category_id, gender, price, old_price, description, tag, status, created_at, updated_at) VALUES (2, 'Quần kaki nam slimfit', 'quan-kaki-nam-slimfit', 1, 'MALE', 359000.00, 419000.00, 'Quần kaki nam slimfit phong cách hiện đại, dễ phối đồ, phù hợp sử dụng hằng ngày.', 'NEW', 'SELLING', '2026-06-26 13:58:24.510368', '2026-06-26 13:58:24.510368');
INSERT INTO public.products (id, name, slug, category_id, gender, price, old_price, description, tag, status, created_at, updated_at) VALUES (3, 'Quần tây nam công sở', 'quan-tay-nam-cong-so', 1, 'MALE', 429000.00, 499000.00, 'Quần tây nam công sở phong cách hiện đại, dễ phối đồ, phù hợp sử dụng hằng ngày.', 'HOT', 'SELLING', '2026-06-26 13:58:24.510368', '2026-06-26 13:58:24.510368');
INSERT INTO public.products (id, name, slug, category_id, gender, price, old_price, description, tag, status, created_at, updated_at) VALUES (4, 'Quần short nam casual', 'quan-short-nam-casual', 1, 'MALE', 249000.00, 299000.00, 'Quần short nam casual phong cách hiện đại, dễ phối đồ, phù hợp sử dụng hằng ngày.', 'SALE', 'SELLING', '2026-06-26 13:58:24.510368', '2026-06-26 13:58:24.510368');
INSERT INTO public.products (id, name, slug, category_id, gender, price, old_price, description, tag, status, created_at, updated_at) VALUES (5, 'Quần jogger nam thể thao', 'quan-jogger-nam-the-thao', 1, 'MALE', 329000.00, 389000.00, 'Quần jogger nam thể thao phong cách hiện đại, dễ phối đồ, phù hợp sử dụng hằng ngày.', 'NEW', 'SELLING', '2026-06-26 13:58:24.510368', '2026-06-26 13:58:24.510368');
INSERT INTO public.products (id, name, slug, category_id, gender, price, old_price, description, tag, status, created_at, updated_at) VALUES (6, 'Quần cargo nam streetwear', 'quan-cargo-nam-streetwear', 1, 'MALE', 459000.00, 529000.00, 'Quần cargo nam streetwear phong cách hiện đại, dễ phối đồ, phù hợp sử dụng hằng ngày.', 'HOT', 'SELLING', '2026-06-26 13:58:24.510368', '2026-06-26 13:58:24.510368');
INSERT INTO public.products (id, name, slug, category_id, gender, price, old_price, description, tag, status, created_at, updated_at) VALUES (7, 'Quần jeans nam ống suông', 'quan-jeans-nam-ong-suong', 1, 'MALE', 419000.00, 489000.00, 'Quần jeans nam ống suông phong cách hiện đại, dễ phối đồ, phù hợp sử dụng hằng ngày.', 'NEW', 'SELLING', '2026-06-26 13:58:24.510368', '2026-06-26 13:58:24.510368');
INSERT INTO public.products (id, name, slug, category_id, gender, price, old_price, description, tag, status, created_at, updated_at) VALUES (8, 'Quần jeans nữ ống rộng', 'quan-jeans-nu-ong-rong', 1, 'FEMALE', 399000.00, 459000.00, 'Quần jeans nữ ống rộng phong cách hiện đại, dễ phối đồ, phù hợp sử dụng hằng ngày.', 'HOT', 'SELLING', '2026-06-26 13:58:24.510368', '2026-06-26 13:58:24.510368');
INSERT INTO public.products (id, name, slug, category_id, gender, price, old_price, description, tag, status, created_at, updated_at) VALUES (9, 'Quần baggy nữ lưng cao', 'quan-baggy-nu-lung-cao', 1, 'FEMALE', 349000.00, 409000.00, 'Quần baggy nữ lưng cao phong cách hiện đại, dễ phối đồ, phù hợp sử dụng hằng ngày.', 'NEW', 'SELLING', '2026-06-26 13:58:24.510368', '2026-06-26 13:58:24.510368');
INSERT INTO public.products (id, name, slug, category_id, gender, price, old_price, description, tag, status, created_at, updated_at) VALUES (10, 'Quần tây nữ công sở', 'quan-tay-nu-cong-so', 1, 'FEMALE', 389000.00, 449000.00, 'Quần tây nữ công sở phong cách hiện đại, dễ phối đồ, phù hợp sử dụng hằng ngày.', 'HOT', 'SELLING', '2026-06-26 13:58:24.510368', '2026-06-26 13:58:24.510368');
INSERT INTO public.products (id, name, slug, category_id, gender, price, old_price, description, tag, status, created_at, updated_at) VALUES (11, 'Quần short nữ basic', 'quan-short-nu-basic', 1, 'FEMALE', 239000.00, 289000.00, 'Quần short nữ basic phong cách hiện đại, dễ phối đồ, phù hợp sử dụng hằng ngày.', 'SALE', 'SELLING', '2026-06-26 13:58:24.510368', '2026-06-26 13:58:24.510368');
INSERT INTO public.products (id, name, slug, category_id, gender, price, old_price, description, tag, status, created_at, updated_at) VALUES (12, 'Quần culottes nữ thanh lịch', 'quan-culottes-nu-thanh-lich', 1, 'FEMALE', 369000.00, 429000.00, 'Quần culottes nữ thanh lịch phong cách hiện đại, dễ phối đồ, phù hợp sử dụng hằng ngày.', 'NEW', 'SELLING', '2026-06-26 13:58:24.510368', '2026-06-26 13:58:24.510368');
INSERT INTO public.products (id, name, slug, category_id, gender, price, old_price, description, tag, status, created_at, updated_at) VALUES (13, 'Quần jeans nữ ống loe', 'quan-jeans-nu-ong-loe', 1, 'FEMALE', 409000.00, 469000.00, 'Quần jeans nữ ống loe phong cách hiện đại, dễ phối đồ, phù hợp sử dụng hằng ngày.', 'HOT', 'SELLING', '2026-06-26 13:58:24.510368', '2026-06-26 13:58:24.510368');
INSERT INTO public.products (id, name, slug, category_id, gender, price, old_price, description, tag, status, created_at, updated_at) VALUES (14, 'Quần linen nữ mùa hè', 'quan-linen-nu-mua-he', 1, 'FEMALE', 339000.00, 399000.00, 'Quần linen nữ mùa hè phong cách hiện đại, dễ phối đồ, phù hợp sử dụng hằng ngày.', 'NEW', 'SELLING', '2026-06-26 13:58:24.510368', '2026-06-26 13:58:24.510368');
INSERT INTO public.products (id, name, slug, category_id, gender, price, old_price, description, tag, status, created_at, updated_at) VALUES (15, 'Quần ống suông nữ Hàn Quốc', 'quan-ong-suong-nu-han-quoc', 1, 'FEMALE', 379000.00, 439000.00, 'Quần ống suông nữ Hàn Quốc phong cách hiện đại, dễ phối đồ, phù hợp sử dụng hằng ngày.', 'HOT', 'SELLING', '2026-06-26 13:58:24.510368', '2026-06-26 13:58:24.510368');
INSERT INTO public.products (id, name, slug, category_id, gender, price, old_price, description, tag, status, created_at, updated_at) VALUES (16, 'Áo thun nam cổ tròn', 'ao-thun-nam-co-tron', 2, 'MALE', 199000.00, 249000.00, 'Áo thun nam cổ tròn phong cách hiện đại, dễ phối đồ, phù hợp sử dụng hằng ngày.', 'SALE', 'SELLING', '2026-06-26 13:58:24.510368', '2026-06-26 13:58:24.510368');
INSERT INTO public.products (id, name, slug, category_id, gender, price, old_price, description, tag, status, created_at, updated_at) VALUES (17, 'Áo sơ mi nam trắng', 'ao-so-mi-nam-trang', 2, 'MALE', 329000.00, 389000.00, 'Áo sơ mi nam trắng phong cách hiện đại, dễ phối đồ, phù hợp sử dụng hằng ngày.', 'HOT', 'SELLING', '2026-06-26 13:58:24.510368', '2026-06-26 13:58:24.510368');
INSERT INTO public.products (id, name, slug, category_id, gender, price, old_price, description, tag, status, created_at, updated_at) VALUES (18, 'Áo polo nam basic', 'ao-polo-nam-basic', 2, 'MALE', 279000.00, 329000.00, 'Áo polo nam basic phong cách hiện đại, dễ phối đồ, phù hợp sử dụng hằng ngày.', 'NEW', 'SELLING', '2026-06-26 13:58:24.510368', '2026-06-26 13:58:24.510368');
INSERT INTO public.products (id, name, slug, category_id, gender, price, old_price, description, tag, status, created_at, updated_at) VALUES (19, 'Áo sơ mi nam caro', 'ao-so-mi-nam-caro', 2, 'MALE', 319000.00, 379000.00, 'Áo sơ mi nam caro phong cách hiện đại, dễ phối đồ, phù hợp sử dụng hằng ngày.', 'NEW', 'SELLING', '2026-06-26 13:58:24.510368', '2026-06-26 13:58:24.510368');
INSERT INTO public.products (id, name, slug, category_id, gender, price, old_price, description, tag, status, created_at, updated_at) VALUES (20, 'Áo thun nam graphic', 'ao-thun-nam-graphic', 2, 'MALE', 229000.00, 279000.00, 'Áo thun nam graphic phong cách hiện đại, dễ phối đồ, phù hợp sử dụng hằng ngày.', 'HOT', 'SELLING', '2026-06-26 13:58:24.510368', '2026-06-26 13:58:24.510368');
INSERT INTO public.products (id, name, slug, category_id, gender, price, old_price, description, tag, status, created_at, updated_at) VALUES (21, 'Áo kiểu nữ tay bồng', 'ao-kieu-nu-tay-bong', 2, 'FEMALE', 289000.00, 349000.00, 'Áo kiểu nữ tay bồng phong cách hiện đại, dễ phối đồ, phù hợp sử dụng hằng ngày.', 'NEW', 'SELLING', '2026-06-26 13:58:24.510368', '2026-06-26 13:58:24.510368');
INSERT INTO public.products (id, name, slug, category_id, gender, price, old_price, description, tag, status, created_at, updated_at) VALUES (22, 'Áo blouse nữ công sở', 'ao-blouse-nu-cong-so', 2, 'FEMALE', 319000.00, 379000.00, 'Áo blouse nữ công sở phong cách hiện đại, dễ phối đồ, phù hợp sử dụng hằng ngày.', 'HOT', 'SELLING', '2026-06-26 13:58:24.510368', '2026-06-26 13:58:24.510368');
INSERT INTO public.products (id, name, slug, category_id, gender, price, old_price, description, tag, status, created_at, updated_at) VALUES (23, 'Áo croptop nữ basic', 'ao-croptop-nu-basic', 2, 'FEMALE', 219000.00, 269000.00, 'Áo croptop nữ basic phong cách hiện đại, dễ phối đồ, phù hợp sử dụng hằng ngày.', 'SALE', 'SELLING', '2026-06-26 13:58:24.510368', '2026-06-26 13:58:24.510368');
INSERT INTO public.products (id, name, slug, category_id, gender, price, old_price, description, tag, status, created_at, updated_at) VALUES (24, 'Áo thun nữ pastel', 'ao-thun-nu-pastel', 2, 'FEMALE', 199000.00, 249000.00, 'Áo thun nữ pastel phong cách hiện đại, dễ phối đồ, phù hợp sử dụng hằng ngày.', 'NEW', 'SELLING', '2026-06-26 13:58:24.510368', '2026-06-26 13:58:24.510368');
INSERT INTO public.products (id, name, slug, category_id, gender, price, old_price, description, tag, status, created_at, updated_at) VALUES (25, 'Áo len mỏng nữ Hàn Quốc', 'ao-len-mong-nu-han-quoc', 2, 'FEMALE', 349000.00, 419000.00, 'Áo len mỏng nữ Hàn Quốc phong cách hiện đại, dễ phối đồ, phù hợp sử dụng hằng ngày.', 'HOT', 'SELLING', '2026-06-26 13:58:24.510368', '2026-06-26 13:58:24.510368');
INSERT INTO public.products (id, name, slug, category_id, gender, price, old_price, description, tag, status, created_at, updated_at) VALUES (26, 'Áo thun unisex form rộng', 'ao-thun-unisex-form-rong', 2, 'UNISEX', 249000.00, 299000.00, 'Áo thun unisex form rộng phong cách hiện đại, dễ phối đồ, phù hợp sử dụng hằng ngày.', 'HOT', 'SELLING', '2026-06-26 13:58:24.510368', '2026-06-26 13:58:24.510368');
INSERT INTO public.products (id, name, slug, category_id, gender, price, old_price, description, tag, status, created_at, updated_at) VALUES (27, 'Áo thun unisex basic', 'ao-thun-unisex-basic', 2, 'UNISEX', 219000.00, 269000.00, 'Áo thun unisex basic phong cách hiện đại, dễ phối đồ, phù hợp sử dụng hằng ngày.', 'NEW', 'SELLING', '2026-06-26 13:58:24.510368', '2026-06-26 13:58:24.510368');
INSERT INTO public.products (id, name, slug, category_id, gender, price, old_price, description, tag, status, created_at, updated_at) VALUES (28, 'Áo sơ mi unisex oversize', 'ao-so-mi-unisex-oversize', 2, 'UNISEX', 349000.00, 419000.00, 'Áo sơ mi unisex oversize phong cách hiện đại, dễ phối đồ, phù hợp sử dụng hằng ngày.', 'HOT', 'SELLING', '2026-06-26 13:58:24.510368', '2026-06-26 13:58:24.510368');
INSERT INTO public.products (id, name, slug, category_id, gender, price, old_price, description, tag, status, created_at, updated_at) VALUES (29, 'Áo khoác denim unisex', 'ao-khoac-denim-unisex', 4, 'UNISEX', 549000.00, 629000.00, 'Áo khoác denim unisex phong cách hiện đại, dễ phối đồ, phù hợp sử dụng hằng ngày.', 'HOT', 'SELLING', '2026-06-26 13:58:24.510368', '2026-06-26 13:58:24.510368');
INSERT INTO public.products (id, name, slug, category_id, gender, price, old_price, description, tag, status, created_at, updated_at) VALUES (30, 'Áo khoác bomber unisex', 'ao-khoac-bomber-unisex', 4, 'UNISEX', 599000.00, 699000.00, 'Áo khoác bomber unisex phong cách hiện đại, dễ phối đồ, phù hợp sử dụng hằng ngày.', 'NEW', 'SELLING', '2026-06-26 13:58:24.510368', '2026-06-26 13:58:24.510368');
INSERT INTO public.products (id, name, slug, category_id, gender, price, old_price, description, tag, status, created_at, updated_at) VALUES (31, 'Hoodie unisex basic', 'hoodie-unisex-basic', 3, 'UNISEX', 429000.00, 499000.00, 'Hoodie unisex basic phong cách hiện đại, dễ phối đồ, phù hợp sử dụng hằng ngày.', 'HOT', 'SELLING', '2026-06-26 13:58:24.510368', '2026-06-26 13:58:24.510368');
INSERT INTO public.products (id, name, slug, category_id, gender, price, old_price, description, tag, status, created_at, updated_at) VALUES (32, 'Hoodie unisex form rộng', 'hoodie-unisex-form-rong', 3, 'UNISEX', 459000.00, 529000.00, 'Hoodie unisex form rộng phong cách hiện đại, dễ phối đồ, phù hợp sử dụng hằng ngày.', 'NEW', 'SELLING', '2026-06-26 13:58:24.510368', '2026-06-26 13:58:24.510368');
INSERT INTO public.products (id, name, slug, category_id, gender, price, old_price, description, tag, status, created_at, updated_at) VALUES (33, 'Hoodie zip unisex', 'hoodie-zip-unisex', 3, 'UNISEX', 489000.00, 559000.00, 'Hoodie zip unisex phong cách hiện đại, dễ phối đồ, phù hợp sử dụng hằng ngày.', 'HOT', 'SELLING', '2026-06-26 13:58:24.510368', '2026-06-26 13:58:24.510368');
INSERT INTO public.products (id, name, slug, category_id, gender, price, old_price, description, tag, status, created_at, updated_at) VALUES (34, 'Sweater unisex tối giản', 'sweater-unisex-toi-gian', 3, 'UNISEX', 399000.00, 459000.00, 'Sweater unisex tối giản phong cách hiện đại, dễ phối đồ, phù hợp sử dụng hằng ngày.', 'NEW', 'SELLING', '2026-06-26 13:58:24.510368', '2026-06-26 13:58:24.510368');
INSERT INTO public.products (id, name, slug, category_id, gender, price, old_price, description, tag, status, created_at, updated_at) VALUES (35, 'Sweater unisex vintage', 'sweater-unisex-vintage', 3, 'UNISEX', 429000.00, 499000.00, 'Sweater unisex vintage phong cách hiện đại, dễ phối đồ, phù hợp sử dụng hằng ngày.', 'HOT', 'SELLING', '2026-06-26 13:58:24.510368', '2026-06-26 13:58:24.510368');
INSERT INTO public.products (id, name, slug, category_id, gender, price, old_price, description, tag, status, created_at, updated_at) VALUES (36, 'Quần jogger unisex', 'quan-jogger-unisex', 1, 'UNISEX', 359000.00, 419000.00, 'Quần jogger unisex phong cách hiện đại, dễ phối đồ, phù hợp sử dụng hằng ngày.', 'NEW', 'SELLING', '2026-06-26 13:58:24.510368', '2026-06-26 13:58:24.510368');
INSERT INTO public.products (id, name, slug, category_id, gender, price, old_price, description, tag, status, created_at, updated_at) VALUES (37, 'Quần short unisex thể thao', 'quan-short-unisex-the-thao', 1, 'UNISEX', 269000.00, 329000.00, 'Quần short unisex thể thao phong cách hiện đại, dễ phối đồ, phù hợp sử dụng hằng ngày.', 'SALE', 'SELLING', '2026-06-26 13:58:24.510368', '2026-06-26 13:58:24.510368');
INSERT INTO public.products (id, name, slug, category_id, gender, price, old_price, description, tag, status, created_at, updated_at) VALUES (38, 'Áo khoác gió unisex', 'ao-khoac-gio-unisex', 4, 'UNISEX', 499000.00, 579000.00, 'Áo khoác gió unisex phong cách hiện đại, dễ phối đồ, phù hợp sử dụng hằng ngày.', 'HOT', 'SELLING', '2026-06-26 13:58:24.510368', '2026-06-26 13:58:24.510368');
INSERT INTO public.products (id, name, slug, category_id, gender, price, old_price, description, tag, status, created_at, updated_at) VALUES (39, 'Áo cardigan unisex', 'ao-cardigan-unisex', 4, 'UNISEX', 459000.00, 529000.00, 'Áo cardigan unisex phong cách hiện đại, dễ phối đồ, phù hợp sử dụng hằng ngày.', 'NEW', 'SELLING', '2026-06-26 13:58:24.510368', '2026-06-26 13:58:24.510368');
INSERT INTO public.products (id, name, slug, category_id, gender, price, old_price, description, tag, status, created_at, updated_at) VALUES (40, 'Set đồ unisex basic', 'set-do-unisex-basic', 2, 'UNISEX', 529000.00, 599000.00, 'Set đồ unisex basic phong cách hiện đại, dễ phối đồ, phù hợp sử dụng hằng ngày.', 'HOT', 'SELLING', '2026-06-26 13:58:24.510368', '2026-06-26 13:58:24.510368');
INSERT INTO public.products (id, name, slug, category_id, gender, price, old_price, description, tag, status, created_at, updated_at) VALUES (41, 'Túi tote canvas basic', 'tui-tote-canvas-basic', 5, 'UNISEX', 159000.00, 199000.00, 'Túi tote canvas basic phong cách hiện đại, dễ phối đồ, phù hợp sử dụng hằng ngày.', 'NEW', 'SELLING', '2026-06-26 13:58:24.510368', '2026-06-26 13:58:24.510368');
INSERT INTO public.products (id, name, slug, category_id, gender, price, old_price, description, tag, status, created_at, updated_at) VALUES (42, 'Mũ lưỡi trai unisex', 'mu-luoi-trai-unisex', 5, 'UNISEX', 129000.00, 169000.00, 'Mũ lưỡi trai unisex phong cách hiện đại, dễ phối đồ, phù hợp sử dụng hằng ngày.', 'HOT', 'SELLING', '2026-06-26 13:58:24.510368', '2026-06-26 13:58:24.510368');
INSERT INTO public.products (id, name, slug, category_id, gender, price, old_price, description, tag, status, created_at, updated_at) VALUES (43, 'Thắt lưng da basic', 'that-lung-da-basic', 5, 'UNISEX', 189000.00, 239000.00, 'Thắt lưng da basic phong cách hiện đại, dễ phối đồ, phù hợp sử dụng hằng ngày.', 'NEW', 'SELLING', '2026-06-26 13:58:24.510368', '2026-06-26 13:58:24.510368');
INSERT INTO public.products (id, name, slug, category_id, gender, price, old_price, description, tag, status, created_at, updated_at) VALUES (44, 'Vớ cổ cao basic', 'vo-co-cao-basic', 5, 'UNISEX', 59000.00, 79000.00, 'Vớ cổ cao basic phong cách hiện đại, dễ phối đồ, phù hợp sử dụng hằng ngày.', 'SALE', 'SELLING', '2026-06-26 13:58:24.510368', '2026-06-26 13:58:24.510368');
INSERT INTO public.products (id, name, slug, category_id, gender, price, old_price, description, tag, status, created_at, updated_at) VALUES (45, 'Túi đeo chéo mini', 'tui-deo-cheo-mini', 5, 'UNISEX', 219000.00, 269000.00, 'Túi đeo chéo mini phong cách hiện đại, dễ phối đồ, phù hợp sử dụng hằng ngày.', 'HOT', 'SELLING', '2026-06-26 13:58:24.510368', '2026-06-26 13:58:24.510368');
INSERT INTO public.products (id, name, slug, category_id, gender, price, old_price, description, tag, status, created_at, updated_at) VALUES (46, 'Khăn bandana họa tiết', 'khan-bandana-hoa-tiet', 5, 'UNISEX', 89000.00, 119000.00, 'Khăn bandana họa tiết phong cách hiện đại, dễ phối đồ, phù hợp sử dụng hằng ngày.', 'NEW', 'SELLING', '2026-06-26 13:58:24.510368', '2026-06-26 13:58:24.510368');
INSERT INTO public.products (id, name, slug, category_id, gender, price, old_price, description, tag, status, created_at, updated_at) VALUES (47, 'Kính thời trang basic', 'kinh-thoi-trang-basic', 5, 'UNISEX', 149000.00, 199000.00, 'Kính thời trang basic phong cách hiện đại, dễ phối đồ, phù hợp sử dụng hằng ngày.', 'HOT', 'SELLING', '2026-06-26 13:58:24.510368', '2026-06-26 13:58:24.510368');
INSERT INTO public.products (id, name, slug, category_id, gender, price, old_price, description, tag, status, created_at, updated_at) VALUES (48, 'Mũ bucket unisex', 'mu-bucket-unisex', 5, 'UNISEX', 139000.00, 179000.00, 'Mũ bucket unisex phong cách hiện đại, dễ phối đồ, phù hợp sử dụng hằng ngày.', 'NEW', 'SELLING', '2026-06-26 13:58:24.510368', '2026-06-26 13:58:24.510368');
INSERT INTO public.products (id, name, slug, category_id, gender, price, old_price, description, tag, status, created_at, updated_at) VALUES (49, 'Ví da mini', 'vi-da-mini', 5, 'UNISEX', 179000.00, 229000.00, 'Ví da mini phong cách hiện đại, dễ phối đồ, phù hợp sử dụng hằng ngày.', 'HOT', 'SELLING', '2026-06-26 13:58:24.510368', '2026-06-26 13:58:24.510368');
INSERT INTO public.products (id, name, slug, category_id, gender, price, old_price, description, tag, status, created_at, updated_at) VALUES (50, 'Dây chuyền basic', 'day-chuyen-basic', 5, 'UNISEX', 99000.00, 129000.00, 'Dây chuyền basic phong cách hiện đại, dễ phối đồ, phù hợp sử dụng hằng ngày.', 'SALE', 'SELLING', '2026-06-26 13:58:24.510368', '2026-06-26 13:58:24.510368');


--
-- Data for Name: product_images; Type: TABLE DATA; Schema: public; Owner: -
--

INSERT INTO public.product_images (id, product_id, image_url, is_thumbnail, sort_order, created_at) VALUES (1, 1, '/assets/products/product-1.jpg', true, 1, '2026-06-26 13:58:24.510368');
INSERT INTO public.product_images (id, product_id, image_url, is_thumbnail, sort_order, created_at) VALUES (2, 2, '/assets/products/product-2.jpg', true, 1, '2026-06-26 13:58:24.510368');
INSERT INTO public.product_images (id, product_id, image_url, is_thumbnail, sort_order, created_at) VALUES (3, 3, '/assets/products/product-3.jpg', true, 1, '2026-06-26 13:58:24.510368');
INSERT INTO public.product_images (id, product_id, image_url, is_thumbnail, sort_order, created_at) VALUES (4, 4, '/assets/products/product-4.jpg', true, 1, '2026-06-26 13:58:24.510368');
INSERT INTO public.product_images (id, product_id, image_url, is_thumbnail, sort_order, created_at) VALUES (5, 5, '/assets/products/product-5.jpg', true, 1, '2026-06-26 13:58:24.510368');
INSERT INTO public.product_images (id, product_id, image_url, is_thumbnail, sort_order, created_at) VALUES (6, 6, '/assets/products/product-6.jpg', true, 1, '2026-06-26 13:58:24.510368');
INSERT INTO public.product_images (id, product_id, image_url, is_thumbnail, sort_order, created_at) VALUES (7, 7, '/assets/products/product-7.jpg', true, 1, '2026-06-26 13:58:24.510368');
INSERT INTO public.product_images (id, product_id, image_url, is_thumbnail, sort_order, created_at) VALUES (8, 8, '/assets/products/product-8.jpg', true, 1, '2026-06-26 13:58:24.510368');
INSERT INTO public.product_images (id, product_id, image_url, is_thumbnail, sort_order, created_at) VALUES (9, 9, '/assets/products/product-9.jpg', true, 1, '2026-06-26 13:58:24.510368');
INSERT INTO public.product_images (id, product_id, image_url, is_thumbnail, sort_order, created_at) VALUES (10, 10, '/assets/products/product-10.jpg', true, 1, '2026-06-26 13:58:24.510368');
INSERT INTO public.product_images (id, product_id, image_url, is_thumbnail, sort_order, created_at) VALUES (11, 11, '/assets/products/product-11.jpg', true, 1, '2026-06-26 13:58:24.510368');
INSERT INTO public.product_images (id, product_id, image_url, is_thumbnail, sort_order, created_at) VALUES (12, 12, '/assets/products/product-12.jpg', true, 1, '2026-06-26 13:58:24.510368');
INSERT INTO public.product_images (id, product_id, image_url, is_thumbnail, sort_order, created_at) VALUES (13, 13, '/assets/products/product-13.jpg', true, 1, '2026-06-26 13:58:24.510368');
INSERT INTO public.product_images (id, product_id, image_url, is_thumbnail, sort_order, created_at) VALUES (14, 14, '/assets/products/product-14.jpg', true, 1, '2026-06-26 13:58:24.510368');
INSERT INTO public.product_images (id, product_id, image_url, is_thumbnail, sort_order, created_at) VALUES (15, 15, '/assets/products/product-15.jpg', true, 1, '2026-06-26 13:58:24.510368');
INSERT INTO public.product_images (id, product_id, image_url, is_thumbnail, sort_order, created_at) VALUES (16, 16, '/assets/products/product-16.jpg', true, 1, '2026-06-26 13:58:24.510368');
INSERT INTO public.product_images (id, product_id, image_url, is_thumbnail, sort_order, created_at) VALUES (17, 17, '/assets/products/product-17.jpg', true, 1, '2026-06-26 13:58:24.510368');
INSERT INTO public.product_images (id, product_id, image_url, is_thumbnail, sort_order, created_at) VALUES (18, 18, '/assets/products/product-18.jpg', true, 1, '2026-06-26 13:58:24.510368');
INSERT INTO public.product_images (id, product_id, image_url, is_thumbnail, sort_order, created_at) VALUES (19, 19, '/assets/products/product-19.jpg', true, 1, '2026-06-26 13:58:24.510368');
INSERT INTO public.product_images (id, product_id, image_url, is_thumbnail, sort_order, created_at) VALUES (20, 20, '/assets/products/product-20.jpg', true, 1, '2026-06-26 13:58:24.510368');
INSERT INTO public.product_images (id, product_id, image_url, is_thumbnail, sort_order, created_at) VALUES (21, 21, '/assets/products/product-21.jpg', true, 1, '2026-06-26 13:58:24.510368');
INSERT INTO public.product_images (id, product_id, image_url, is_thumbnail, sort_order, created_at) VALUES (22, 22, '/assets/products/product-22.jpg', true, 1, '2026-06-26 13:58:24.510368');
INSERT INTO public.product_images (id, product_id, image_url, is_thumbnail, sort_order, created_at) VALUES (23, 23, '/assets/products/product-23.jpg', true, 1, '2026-06-26 13:58:24.510368');
INSERT INTO public.product_images (id, product_id, image_url, is_thumbnail, sort_order, created_at) VALUES (24, 24, '/assets/products/product-24.jpg', true, 1, '2026-06-26 13:58:24.510368');
INSERT INTO public.product_images (id, product_id, image_url, is_thumbnail, sort_order, created_at) VALUES (25, 25, '/assets/products/product-25.jpg', true, 1, '2026-06-26 13:58:24.510368');
INSERT INTO public.product_images (id, product_id, image_url, is_thumbnail, sort_order, created_at) VALUES (26, 26, '/assets/products/product-26.jpg', true, 1, '2026-06-26 13:58:24.510368');
INSERT INTO public.product_images (id, product_id, image_url, is_thumbnail, sort_order, created_at) VALUES (27, 27, '/assets/products/product-27.jpg', true, 1, '2026-06-26 13:58:24.510368');
INSERT INTO public.product_images (id, product_id, image_url, is_thumbnail, sort_order, created_at) VALUES (28, 28, '/assets/products/product-28.jpg', true, 1, '2026-06-26 13:58:24.510368');
INSERT INTO public.product_images (id, product_id, image_url, is_thumbnail, sort_order, created_at) VALUES (29, 29, '/assets/products/product-29.jpg', true, 1, '2026-06-26 13:58:24.510368');
INSERT INTO public.product_images (id, product_id, image_url, is_thumbnail, sort_order, created_at) VALUES (30, 30, '/assets/products/product-30.jpg', true, 1, '2026-06-26 13:58:24.510368');
INSERT INTO public.product_images (id, product_id, image_url, is_thumbnail, sort_order, created_at) VALUES (31, 31, '/assets/products/product-31.jpg', true, 1, '2026-06-26 13:58:24.510368');
INSERT INTO public.product_images (id, product_id, image_url, is_thumbnail, sort_order, created_at) VALUES (32, 32, '/assets/products/product-32.jpg', true, 1, '2026-06-26 13:58:24.510368');
INSERT INTO public.product_images (id, product_id, image_url, is_thumbnail, sort_order, created_at) VALUES (33, 33, '/assets/products/product-33.jpg', true, 1, '2026-06-26 13:58:24.510368');
INSERT INTO public.product_images (id, product_id, image_url, is_thumbnail, sort_order, created_at) VALUES (34, 34, '/assets/products/product-34.jpg', true, 1, '2026-06-26 13:58:24.510368');
INSERT INTO public.product_images (id, product_id, image_url, is_thumbnail, sort_order, created_at) VALUES (35, 35, '/assets/products/product-35.jpg', true, 1, '2026-06-26 13:58:24.510368');
INSERT INTO public.product_images (id, product_id, image_url, is_thumbnail, sort_order, created_at) VALUES (36, 36, '/assets/products/product-36.jpg', true, 1, '2026-06-26 13:58:24.510368');
INSERT INTO public.product_images (id, product_id, image_url, is_thumbnail, sort_order, created_at) VALUES (37, 37, '/assets/products/product-37.jpg', true, 1, '2026-06-26 13:58:24.510368');
INSERT INTO public.product_images (id, product_id, image_url, is_thumbnail, sort_order, created_at) VALUES (38, 38, '/assets/products/product-38.jpg', true, 1, '2026-06-26 13:58:24.510368');
INSERT INTO public.product_images (id, product_id, image_url, is_thumbnail, sort_order, created_at) VALUES (39, 39, '/assets/products/product-39.jpg', true, 1, '2026-06-26 13:58:24.510368');
INSERT INTO public.product_images (id, product_id, image_url, is_thumbnail, sort_order, created_at) VALUES (40, 40, '/assets/products/product-40.jpg', true, 1, '2026-06-26 13:58:24.510368');
INSERT INTO public.product_images (id, product_id, image_url, is_thumbnail, sort_order, created_at) VALUES (41, 41, '/assets/products/product-41.jpg', true, 1, '2026-06-26 13:58:24.510368');
INSERT INTO public.product_images (id, product_id, image_url, is_thumbnail, sort_order, created_at) VALUES (42, 42, '/assets/products/product-42.jpg', true, 1, '2026-06-26 13:58:24.510368');
INSERT INTO public.product_images (id, product_id, image_url, is_thumbnail, sort_order, created_at) VALUES (43, 43, '/assets/products/product-43.jpg', true, 1, '2026-06-26 13:58:24.510368');
INSERT INTO public.product_images (id, product_id, image_url, is_thumbnail, sort_order, created_at) VALUES (44, 44, '/assets/products/product-44.jpg', true, 1, '2026-06-26 13:58:24.510368');
INSERT INTO public.product_images (id, product_id, image_url, is_thumbnail, sort_order, created_at) VALUES (45, 45, '/assets/products/product-45.jpg', true, 1, '2026-06-26 13:58:24.510368');
INSERT INTO public.product_images (id, product_id, image_url, is_thumbnail, sort_order, created_at) VALUES (46, 46, '/assets/products/product-46.jpg', true, 1, '2026-06-26 13:58:24.510368');
INSERT INTO public.product_images (id, product_id, image_url, is_thumbnail, sort_order, created_at) VALUES (47, 47, '/assets/products/product-47.jpg', true, 1, '2026-06-26 13:58:24.510368');
INSERT INTO public.product_images (id, product_id, image_url, is_thumbnail, sort_order, created_at) VALUES (48, 48, '/assets/products/product-48.jpg', true, 1, '2026-06-26 13:58:24.510368');
INSERT INTO public.product_images (id, product_id, image_url, is_thumbnail, sort_order, created_at) VALUES (49, 49, '/assets/products/product-49.jpg', true, 1, '2026-06-26 13:58:24.510368');
INSERT INTO public.product_images (id, product_id, image_url, is_thumbnail, sort_order, created_at) VALUES (50, 50, '/assets/products/product-50.jpg', true, 1, '2026-06-26 13:58:24.510368');


--
-- Data for Name: product_variants; Type: TABLE DATA; Schema: public; Owner: -
--

INSERT INTO public.product_variants (id, product_id, size, color, stock, sku, price, created_at, updated_at) VALUES (1, 1, 'S', 'Black', 20, 'LF-001-S-BLA-001', 399000.00, '2026-06-26 13:58:24.510368', '2026-06-26 13:58:24.510368');
INSERT INTO public.product_variants (id, product_id, size, color, stock, sku, price, created_at, updated_at) VALUES (2, 1, 'S', 'White', 23, 'LF-001-S-WHI-002', 399000.00, '2026-06-26 13:58:24.510368', '2026-06-26 13:58:24.510368');
INSERT INTO public.product_variants (id, product_id, size, color, stock, sku, price, created_at, updated_at) VALUES (3, 1, 'S', 'Beige', 26, 'LF-001-S-BEI-003', 399000.00, '2026-06-26 13:58:24.510368', '2026-06-26 13:58:24.510368');
INSERT INTO public.product_variants (id, product_id, size, color, stock, sku, price, created_at, updated_at) VALUES (4, 1, 'M', 'Black', 29, 'LF-001-M-BLA-004', 399000.00, '2026-06-26 13:58:24.510368', '2026-06-26 13:58:24.510368');
INSERT INTO public.product_variants (id, product_id, size, color, stock, sku, price, created_at, updated_at) VALUES (5, 1, 'M', 'White', 32, 'LF-001-M-WHI-005', 399000.00, '2026-06-26 13:58:24.510368', '2026-06-26 13:58:24.510368');
INSERT INTO public.product_variants (id, product_id, size, color, stock, sku, price, created_at, updated_at) VALUES (6, 1, 'M', 'Beige', 35, 'LF-001-M-BEI-006', 399000.00, '2026-06-26 13:58:24.510368', '2026-06-26 13:58:24.510368');
INSERT INTO public.product_variants (id, product_id, size, color, stock, sku, price, created_at, updated_at) VALUES (7, 1, 'L', 'Black', 38, 'LF-001-L-BLA-007', 399000.00, '2026-06-26 13:58:24.510368', '2026-06-26 13:58:24.510368');
INSERT INTO public.product_variants (id, product_id, size, color, stock, sku, price, created_at, updated_at) VALUES (8, 1, 'L', 'White', 41, 'LF-001-L-WHI-008', 399000.00, '2026-06-26 13:58:24.510368', '2026-06-26 13:58:24.510368');
INSERT INTO public.product_variants (id, product_id, size, color, stock, sku, price, created_at, updated_at) VALUES (9, 1, 'L', 'Beige', 44, 'LF-001-L-BEI-009', 399000.00, '2026-06-26 13:58:24.510368', '2026-06-26 13:58:24.510368');
INSERT INTO public.product_variants (id, product_id, size, color, stock, sku, price, created_at, updated_at) VALUES (10, 1, 'XL', 'Black', 47, 'LF-001-XL-BLA-010', 399000.00, '2026-06-26 13:58:24.510368', '2026-06-26 13:58:24.510368');
INSERT INTO public.product_variants (id, product_id, size, color, stock, sku, price, created_at, updated_at) VALUES (11, 1, 'XL', 'White', 50, 'LF-001-XL-WHI-011', 399000.00, '2026-06-26 13:58:24.510368', '2026-06-26 13:58:24.510368');
INSERT INTO public.product_variants (id, product_id, size, color, stock, sku, price, created_at, updated_at) VALUES (12, 1, 'XL', 'Beige', 12, 'LF-001-XL-BEI-012', 399000.00, '2026-06-26 13:58:24.510368', '2026-06-26 13:58:24.510368');
INSERT INTO public.product_variants (id, product_id, size, color, stock, sku, price, created_at, updated_at) VALUES (13, 2, 'S', 'Black', 22, 'LF-002-S-BLA-013', 359000.00, '2026-06-26 13:58:24.510368', '2026-06-26 13:58:24.510368');
INSERT INTO public.product_variants (id, product_id, size, color, stock, sku, price, created_at, updated_at) VALUES (14, 2, 'S', 'White', 25, 'LF-002-S-WHI-014', 359000.00, '2026-06-26 13:58:24.510368', '2026-06-26 13:58:24.510368');
INSERT INTO public.product_variants (id, product_id, size, color, stock, sku, price, created_at, updated_at) VALUES (15, 2, 'S', 'Beige', 28, 'LF-002-S-BEI-015', 359000.00, '2026-06-26 13:58:24.510368', '2026-06-26 13:58:24.510368');
INSERT INTO public.product_variants (id, product_id, size, color, stock, sku, price, created_at, updated_at) VALUES (16, 2, 'M', 'Black', 31, 'LF-002-M-BLA-016', 359000.00, '2026-06-26 13:58:24.510368', '2026-06-26 13:58:24.510368');
INSERT INTO public.product_variants (id, product_id, size, color, stock, sku, price, created_at, updated_at) VALUES (17, 2, 'M', 'White', 34, 'LF-002-M-WHI-017', 359000.00, '2026-06-26 13:58:24.510368', '2026-06-26 13:58:24.510368');
INSERT INTO public.product_variants (id, product_id, size, color, stock, sku, price, created_at, updated_at) VALUES (18, 2, 'M', 'Beige', 37, 'LF-002-M-BEI-018', 359000.00, '2026-06-26 13:58:24.510368', '2026-06-26 13:58:24.510368');
INSERT INTO public.product_variants (id, product_id, size, color, stock, sku, price, created_at, updated_at) VALUES (19, 2, 'L', 'Black', 40, 'LF-002-L-BLA-019', 359000.00, '2026-06-26 13:58:24.510368', '2026-06-26 13:58:24.510368');
INSERT INTO public.product_variants (id, product_id, size, color, stock, sku, price, created_at, updated_at) VALUES (20, 2, 'L', 'White', 43, 'LF-002-L-WHI-020', 359000.00, '2026-06-26 13:58:24.510368', '2026-06-26 13:58:24.510368');
INSERT INTO public.product_variants (id, product_id, size, color, stock, sku, price, created_at, updated_at) VALUES (21, 2, 'L', 'Beige', 46, 'LF-002-L-BEI-021', 359000.00, '2026-06-26 13:58:24.510368', '2026-06-26 13:58:24.510368');
INSERT INTO public.product_variants (id, product_id, size, color, stock, sku, price, created_at, updated_at) VALUES (22, 2, 'XL', 'Black', 49, 'LF-002-XL-BLA-022', 359000.00, '2026-06-26 13:58:24.510368', '2026-06-26 13:58:24.510368');
INSERT INTO public.product_variants (id, product_id, size, color, stock, sku, price, created_at, updated_at) VALUES (23, 2, 'XL', 'White', 11, 'LF-002-XL-WHI-023', 359000.00, '2026-06-26 13:58:24.510368', '2026-06-26 13:58:24.510368');
INSERT INTO public.product_variants (id, product_id, size, color, stock, sku, price, created_at, updated_at) VALUES (24, 2, 'XL', 'Beige', 14, 'LF-002-XL-BEI-024', 359000.00, '2026-06-26 13:58:24.510368', '2026-06-26 13:58:24.510368');
INSERT INTO public.product_variants (id, product_id, size, color, stock, sku, price, created_at, updated_at) VALUES (25, 3, 'S', 'Black', 24, 'LF-003-S-BLA-025', 429000.00, '2026-06-26 13:58:24.510368', '2026-06-26 13:58:24.510368');
INSERT INTO public.product_variants (id, product_id, size, color, stock, sku, price, created_at, updated_at) VALUES (26, 3, 'S', 'White', 27, 'LF-003-S-WHI-026', 429000.00, '2026-06-26 13:58:24.510368', '2026-06-26 13:58:24.510368');
INSERT INTO public.product_variants (id, product_id, size, color, stock, sku, price, created_at, updated_at) VALUES (27, 3, 'S', 'Beige', 30, 'LF-003-S-BEI-027', 429000.00, '2026-06-26 13:58:24.510368', '2026-06-26 13:58:24.510368');
INSERT INTO public.product_variants (id, product_id, size, color, stock, sku, price, created_at, updated_at) VALUES (28, 3, 'M', 'Black', 33, 'LF-003-M-BLA-028', 429000.00, '2026-06-26 13:58:24.510368', '2026-06-26 13:58:24.510368');
INSERT INTO public.product_variants (id, product_id, size, color, stock, sku, price, created_at, updated_at) VALUES (29, 3, 'M', 'White', 36, 'LF-003-M-WHI-029', 429000.00, '2026-06-26 13:58:24.510368', '2026-06-26 13:58:24.510368');
INSERT INTO public.product_variants (id, product_id, size, color, stock, sku, price, created_at, updated_at) VALUES (30, 3, 'M', 'Beige', 39, 'LF-003-M-BEI-030', 429000.00, '2026-06-26 13:58:24.510368', '2026-06-26 13:58:24.510368');
INSERT INTO public.product_variants (id, product_id, size, color, stock, sku, price, created_at, updated_at) VALUES (31, 3, 'L', 'Black', 42, 'LF-003-L-BLA-031', 429000.00, '2026-06-26 13:58:24.510368', '2026-06-26 13:58:24.510368');
INSERT INTO public.product_variants (id, product_id, size, color, stock, sku, price, created_at, updated_at) VALUES (32, 3, 'L', 'White', 45, 'LF-003-L-WHI-032', 429000.00, '2026-06-26 13:58:24.510368', '2026-06-26 13:58:24.510368');
INSERT INTO public.product_variants (id, product_id, size, color, stock, sku, price, created_at, updated_at) VALUES (33, 3, 'L', 'Beige', 48, 'LF-003-L-BEI-033', 429000.00, '2026-06-26 13:58:24.510368', '2026-06-26 13:58:24.510368');
INSERT INTO public.product_variants (id, product_id, size, color, stock, sku, price, created_at, updated_at) VALUES (34, 3, 'XL', 'Black', 10, 'LF-003-XL-BLA-034', 429000.00, '2026-06-26 13:58:24.510368', '2026-06-26 13:58:24.510368');
INSERT INTO public.product_variants (id, product_id, size, color, stock, sku, price, created_at, updated_at) VALUES (35, 3, 'XL', 'White', 13, 'LF-003-XL-WHI-035', 429000.00, '2026-06-26 13:58:24.510368', '2026-06-26 13:58:24.510368');
INSERT INTO public.product_variants (id, product_id, size, color, stock, sku, price, created_at, updated_at) VALUES (36, 3, 'XL', 'Beige', 16, 'LF-003-XL-BEI-036', 429000.00, '2026-06-26 13:58:24.510368', '2026-06-26 13:58:24.510368');
INSERT INTO public.product_variants (id, product_id, size, color, stock, sku, price, created_at, updated_at) VALUES (37, 4, 'S', 'Black', 26, 'LF-004-S-BLA-037', 249000.00, '2026-06-26 13:58:24.510368', '2026-06-26 13:58:24.510368');
INSERT INTO public.product_variants (id, product_id, size, color, stock, sku, price, created_at, updated_at) VALUES (38, 4, 'S', 'White', 29, 'LF-004-S-WHI-038', 249000.00, '2026-06-26 13:58:24.510368', '2026-06-26 13:58:24.510368');
INSERT INTO public.product_variants (id, product_id, size, color, stock, sku, price, created_at, updated_at) VALUES (39, 4, 'S', 'Beige', 32, 'LF-004-S-BEI-039', 249000.00, '2026-06-26 13:58:24.510368', '2026-06-26 13:58:24.510368');
INSERT INTO public.product_variants (id, product_id, size, color, stock, sku, price, created_at, updated_at) VALUES (40, 4, 'M', 'Black', 35, 'LF-004-M-BLA-040', 249000.00, '2026-06-26 13:58:24.510368', '2026-06-26 13:58:24.510368');
INSERT INTO public.product_variants (id, product_id, size, color, stock, sku, price, created_at, updated_at) VALUES (41, 4, 'M', 'White', 38, 'LF-004-M-WHI-041', 249000.00, '2026-06-26 13:58:24.510368', '2026-06-26 13:58:24.510368');
INSERT INTO public.product_variants (id, product_id, size, color, stock, sku, price, created_at, updated_at) VALUES (42, 4, 'M', 'Beige', 41, 'LF-004-M-BEI-042', 249000.00, '2026-06-26 13:58:24.510368', '2026-06-26 13:58:24.510368');
INSERT INTO public.product_variants (id, product_id, size, color, stock, sku, price, created_at, updated_at) VALUES (43, 4, 'L', 'Black', 44, 'LF-004-L-BLA-043', 249000.00, '2026-06-26 13:58:24.510368', '2026-06-26 13:58:24.510368');
INSERT INTO public.product_variants (id, product_id, size, color, stock, sku, price, created_at, updated_at) VALUES (44, 4, 'L', 'White', 47, 'LF-004-L-WHI-044', 249000.00, '2026-06-26 13:58:24.510368', '2026-06-26 13:58:24.510368');
INSERT INTO public.product_variants (id, product_id, size, color, stock, sku, price, created_at, updated_at) VALUES (45, 4, 'L', 'Beige', 50, 'LF-004-L-BEI-045', 249000.00, '2026-06-26 13:58:24.510368', '2026-06-26 13:58:24.510368');
INSERT INTO public.product_variants (id, product_id, size, color, stock, sku, price, created_at, updated_at) VALUES (46, 4, 'XL', 'Black', 12, 'LF-004-XL-BLA-046', 249000.00, '2026-06-26 13:58:24.510368', '2026-06-26 13:58:24.510368');
INSERT INTO public.product_variants (id, product_id, size, color, stock, sku, price, created_at, updated_at) VALUES (47, 4, 'XL', 'White', 15, 'LF-004-XL-WHI-047', 249000.00, '2026-06-26 13:58:24.510368', '2026-06-26 13:58:24.510368');
INSERT INTO public.product_variants (id, product_id, size, color, stock, sku, price, created_at, updated_at) VALUES (48, 4, 'XL', 'Beige', 18, 'LF-004-XL-BEI-048', 249000.00, '2026-06-26 13:58:24.510368', '2026-06-26 13:58:24.510368');
INSERT INTO public.product_variants (id, product_id, size, color, stock, sku, price, created_at, updated_at) VALUES (49, 5, 'S', 'Black', 28, 'LF-005-S-BLA-049', 329000.00, '2026-06-26 13:58:24.510368', '2026-06-26 13:58:24.510368');
INSERT INTO public.product_variants (id, product_id, size, color, stock, sku, price, created_at, updated_at) VALUES (50, 5, 'S', 'White', 31, 'LF-005-S-WHI-050', 329000.00, '2026-06-26 13:58:24.510368', '2026-06-26 13:58:24.510368');
INSERT INTO public.product_variants (id, product_id, size, color, stock, sku, price, created_at, updated_at) VALUES (51, 5, 'S', 'Beige', 34, 'LF-005-S-BEI-051', 329000.00, '2026-06-26 13:58:24.510368', '2026-06-26 13:58:24.510368');
INSERT INTO public.product_variants (id, product_id, size, color, stock, sku, price, created_at, updated_at) VALUES (52, 5, 'M', 'Black', 37, 'LF-005-M-BLA-052', 329000.00, '2026-06-26 13:58:24.510368', '2026-06-26 13:58:24.510368');
INSERT INTO public.product_variants (id, product_id, size, color, stock, sku, price, created_at, updated_at) VALUES (53, 5, 'M', 'White', 40, 'LF-005-M-WHI-053', 329000.00, '2026-06-26 13:58:24.510368', '2026-06-26 13:58:24.510368');
INSERT INTO public.product_variants (id, product_id, size, color, stock, sku, price, created_at, updated_at) VALUES (54, 5, 'M', 'Beige', 43, 'LF-005-M-BEI-054', 329000.00, '2026-06-26 13:58:24.510368', '2026-06-26 13:58:24.510368');
INSERT INTO public.product_variants (id, product_id, size, color, stock, sku, price, created_at, updated_at) VALUES (55, 5, 'L', 'Black', 46, 'LF-005-L-BLA-055', 329000.00, '2026-06-26 13:58:24.510368', '2026-06-26 13:58:24.510368');
INSERT INTO public.product_variants (id, product_id, size, color, stock, sku, price, created_at, updated_at) VALUES (56, 5, 'L', 'White', 49, 'LF-005-L-WHI-056', 329000.00, '2026-06-26 13:58:24.510368', '2026-06-26 13:58:24.510368');
INSERT INTO public.product_variants (id, product_id, size, color, stock, sku, price, created_at, updated_at) VALUES (57, 5, 'L', 'Beige', 11, 'LF-005-L-BEI-057', 329000.00, '2026-06-26 13:58:24.510368', '2026-06-26 13:58:24.510368');
INSERT INTO public.product_variants (id, product_id, size, color, stock, sku, price, created_at, updated_at) VALUES (58, 5, 'XL', 'Black', 14, 'LF-005-XL-BLA-058', 329000.00, '2026-06-26 13:58:24.510368', '2026-06-26 13:58:24.510368');
INSERT INTO public.product_variants (id, product_id, size, color, stock, sku, price, created_at, updated_at) VALUES (59, 5, 'XL', 'White', 17, 'LF-005-XL-WHI-059', 329000.00, '2026-06-26 13:58:24.510368', '2026-06-26 13:58:24.510368');
INSERT INTO public.product_variants (id, product_id, size, color, stock, sku, price, created_at, updated_at) VALUES (60, 5, 'XL', 'Beige', 20, 'LF-005-XL-BEI-060', 329000.00, '2026-06-26 13:58:24.510368', '2026-06-26 13:58:24.510368');
INSERT INTO public.product_variants (id, product_id, size, color, stock, sku, price, created_at, updated_at) VALUES (61, 6, 'S', 'Black', 30, 'LF-006-S-BLA-061', 459000.00, '2026-06-26 13:58:24.510368', '2026-06-26 13:58:24.510368');
INSERT INTO public.product_variants (id, product_id, size, color, stock, sku, price, created_at, updated_at) VALUES (62, 6, 'S', 'White', 33, 'LF-006-S-WHI-062', 459000.00, '2026-06-26 13:58:24.510368', '2026-06-26 13:58:24.510368');
INSERT INTO public.product_variants (id, product_id, size, color, stock, sku, price, created_at, updated_at) VALUES (63, 6, 'S', 'Beige', 36, 'LF-006-S-BEI-063', 459000.00, '2026-06-26 13:58:24.510368', '2026-06-26 13:58:24.510368');
INSERT INTO public.product_variants (id, product_id, size, color, stock, sku, price, created_at, updated_at) VALUES (64, 6, 'M', 'Black', 39, 'LF-006-M-BLA-064', 459000.00, '2026-06-26 13:58:24.510368', '2026-06-26 13:58:24.510368');
INSERT INTO public.product_variants (id, product_id, size, color, stock, sku, price, created_at, updated_at) VALUES (65, 6, 'M', 'White', 42, 'LF-006-M-WHI-065', 459000.00, '2026-06-26 13:58:24.510368', '2026-06-26 13:58:24.510368');
INSERT INTO public.product_variants (id, product_id, size, color, stock, sku, price, created_at, updated_at) VALUES (66, 6, 'M', 'Beige', 45, 'LF-006-M-BEI-066', 459000.00, '2026-06-26 13:58:24.510368', '2026-06-26 13:58:24.510368');
INSERT INTO public.product_variants (id, product_id, size, color, stock, sku, price, created_at, updated_at) VALUES (67, 6, 'L', 'Black', 48, 'LF-006-L-BLA-067', 459000.00, '2026-06-26 13:58:24.510368', '2026-06-26 13:58:24.510368');
INSERT INTO public.product_variants (id, product_id, size, color, stock, sku, price, created_at, updated_at) VALUES (68, 6, 'L', 'White', 10, 'LF-006-L-WHI-068', 459000.00, '2026-06-26 13:58:24.510368', '2026-06-26 13:58:24.510368');
INSERT INTO public.product_variants (id, product_id, size, color, stock, sku, price, created_at, updated_at) VALUES (69, 6, 'L', 'Beige', 13, 'LF-006-L-BEI-069', 459000.00, '2026-06-26 13:58:24.510368', '2026-06-26 13:58:24.510368');
INSERT INTO public.product_variants (id, product_id, size, color, stock, sku, price, created_at, updated_at) VALUES (70, 6, 'XL', 'Black', 16, 'LF-006-XL-BLA-070', 459000.00, '2026-06-26 13:58:24.510368', '2026-06-26 13:58:24.510368');
INSERT INTO public.product_variants (id, product_id, size, color, stock, sku, price, created_at, updated_at) VALUES (71, 6, 'XL', 'White', 19, 'LF-006-XL-WHI-071', 459000.00, '2026-06-26 13:58:24.510368', '2026-06-26 13:58:24.510368');
INSERT INTO public.product_variants (id, product_id, size, color, stock, sku, price, created_at, updated_at) VALUES (72, 6, 'XL', 'Beige', 22, 'LF-006-XL-BEI-072', 459000.00, '2026-06-26 13:58:24.510368', '2026-06-26 13:58:24.510368');
INSERT INTO public.product_variants (id, product_id, size, color, stock, sku, price, created_at, updated_at) VALUES (73, 7, 'S', 'Black', 32, 'LF-007-S-BLA-073', 419000.00, '2026-06-26 13:58:24.510368', '2026-06-26 13:58:24.510368');
INSERT INTO public.product_variants (id, product_id, size, color, stock, sku, price, created_at, updated_at) VALUES (74, 7, 'S', 'White', 35, 'LF-007-S-WHI-074', 419000.00, '2026-06-26 13:58:24.510368', '2026-06-26 13:58:24.510368');
INSERT INTO public.product_variants (id, product_id, size, color, stock, sku, price, created_at, updated_at) VALUES (75, 7, 'S', 'Beige', 38, 'LF-007-S-BEI-075', 419000.00, '2026-06-26 13:58:24.510368', '2026-06-26 13:58:24.510368');
INSERT INTO public.product_variants (id, product_id, size, color, stock, sku, price, created_at, updated_at) VALUES (76, 7, 'M', 'Black', 41, 'LF-007-M-BLA-076', 419000.00, '2026-06-26 13:58:24.510368', '2026-06-26 13:58:24.510368');
INSERT INTO public.product_variants (id, product_id, size, color, stock, sku, price, created_at, updated_at) VALUES (77, 7, 'M', 'White', 44, 'LF-007-M-WHI-077', 419000.00, '2026-06-26 13:58:24.510368', '2026-06-26 13:58:24.510368');
INSERT INTO public.product_variants (id, product_id, size, color, stock, sku, price, created_at, updated_at) VALUES (78, 7, 'M', 'Beige', 47, 'LF-007-M-BEI-078', 419000.00, '2026-06-26 13:58:24.510368', '2026-06-26 13:58:24.510368');
INSERT INTO public.product_variants (id, product_id, size, color, stock, sku, price, created_at, updated_at) VALUES (79, 7, 'L', 'Black', 50, 'LF-007-L-BLA-079', 419000.00, '2026-06-26 13:58:24.510368', '2026-06-26 13:58:24.510368');
INSERT INTO public.product_variants (id, product_id, size, color, stock, sku, price, created_at, updated_at) VALUES (80, 7, 'L', 'White', 12, 'LF-007-L-WHI-080', 419000.00, '2026-06-26 13:58:24.510368', '2026-06-26 13:58:24.510368');
INSERT INTO public.product_variants (id, product_id, size, color, stock, sku, price, created_at, updated_at) VALUES (81, 7, 'L', 'Beige', 15, 'LF-007-L-BEI-081', 419000.00, '2026-06-26 13:58:24.510368', '2026-06-26 13:58:24.510368');
INSERT INTO public.product_variants (id, product_id, size, color, stock, sku, price, created_at, updated_at) VALUES (82, 7, 'XL', 'Black', 18, 'LF-007-XL-BLA-082', 419000.00, '2026-06-26 13:58:24.510368', '2026-06-26 13:58:24.510368');
INSERT INTO public.product_variants (id, product_id, size, color, stock, sku, price, created_at, updated_at) VALUES (83, 7, 'XL', 'White', 21, 'LF-007-XL-WHI-083', 419000.00, '2026-06-26 13:58:24.510368', '2026-06-26 13:58:24.510368');
INSERT INTO public.product_variants (id, product_id, size, color, stock, sku, price, created_at, updated_at) VALUES (84, 7, 'XL', 'Beige', 24, 'LF-007-XL-BEI-084', 419000.00, '2026-06-26 13:58:24.510368', '2026-06-26 13:58:24.510368');
INSERT INTO public.product_variants (id, product_id, size, color, stock, sku, price, created_at, updated_at) VALUES (85, 8, 'S', 'Black', 34, 'LF-008-S-BLA-085', 399000.00, '2026-06-26 13:58:24.510368', '2026-06-26 13:58:24.510368');
INSERT INTO public.product_variants (id, product_id, size, color, stock, sku, price, created_at, updated_at) VALUES (86, 8, 'S', 'White', 37, 'LF-008-S-WHI-086', 399000.00, '2026-06-26 13:58:24.510368', '2026-06-26 13:58:24.510368');
INSERT INTO public.product_variants (id, product_id, size, color, stock, sku, price, created_at, updated_at) VALUES (87, 8, 'S', 'Beige', 40, 'LF-008-S-BEI-087', 399000.00, '2026-06-26 13:58:24.510368', '2026-06-26 13:58:24.510368');
INSERT INTO public.product_variants (id, product_id, size, color, stock, sku, price, created_at, updated_at) VALUES (88, 8, 'M', 'Black', 43, 'LF-008-M-BLA-088', 399000.00, '2026-06-26 13:58:24.510368', '2026-06-26 13:58:24.510368');
INSERT INTO public.product_variants (id, product_id, size, color, stock, sku, price, created_at, updated_at) VALUES (89, 8, 'M', 'White', 46, 'LF-008-M-WHI-089', 399000.00, '2026-06-26 13:58:24.510368', '2026-06-26 13:58:24.510368');
INSERT INTO public.product_variants (id, product_id, size, color, stock, sku, price, created_at, updated_at) VALUES (90, 8, 'M', 'Beige', 49, 'LF-008-M-BEI-090', 399000.00, '2026-06-26 13:58:24.510368', '2026-06-26 13:58:24.510368');
INSERT INTO public.product_variants (id, product_id, size, color, stock, sku, price, created_at, updated_at) VALUES (91, 8, 'L', 'Black', 11, 'LF-008-L-BLA-091', 399000.00, '2026-06-26 13:58:24.510368', '2026-06-26 13:58:24.510368');
INSERT INTO public.product_variants (id, product_id, size, color, stock, sku, price, created_at, updated_at) VALUES (92, 8, 'L', 'White', 14, 'LF-008-L-WHI-092', 399000.00, '2026-06-26 13:58:24.510368', '2026-06-26 13:58:24.510368');
INSERT INTO public.product_variants (id, product_id, size, color, stock, sku, price, created_at, updated_at) VALUES (93, 8, 'L', 'Beige', 17, 'LF-008-L-BEI-093', 399000.00, '2026-06-26 13:58:24.510368', '2026-06-26 13:58:24.510368');
INSERT INTO public.product_variants (id, product_id, size, color, stock, sku, price, created_at, updated_at) VALUES (94, 8, 'XL', 'Black', 20, 'LF-008-XL-BLA-094', 399000.00, '2026-06-26 13:58:24.510368', '2026-06-26 13:58:24.510368');
INSERT INTO public.product_variants (id, product_id, size, color, stock, sku, price, created_at, updated_at) VALUES (95, 8, 'XL', 'White', 23, 'LF-008-XL-WHI-095', 399000.00, '2026-06-26 13:58:24.510368', '2026-06-26 13:58:24.510368');
INSERT INTO public.product_variants (id, product_id, size, color, stock, sku, price, created_at, updated_at) VALUES (96, 8, 'XL', 'Beige', 26, 'LF-008-XL-BEI-096', 399000.00, '2026-06-26 13:58:24.510368', '2026-06-26 13:58:24.510368');
INSERT INTO public.product_variants (id, product_id, size, color, stock, sku, price, created_at, updated_at) VALUES (97, 9, 'S', 'Black', 36, 'LF-009-S-BLA-097', 349000.00, '2026-06-26 13:58:24.510368', '2026-06-26 13:58:24.510368');
INSERT INTO public.product_variants (id, product_id, size, color, stock, sku, price, created_at, updated_at) VALUES (98, 9, 'S', 'White', 39, 'LF-009-S-WHI-098', 349000.00, '2026-06-26 13:58:24.510368', '2026-06-26 13:58:24.510368');
INSERT INTO public.product_variants (id, product_id, size, color, stock, sku, price, created_at, updated_at) VALUES (99, 9, 'S', 'Beige', 42, 'LF-009-S-BEI-099', 349000.00, '2026-06-26 13:58:24.510368', '2026-06-26 13:58:24.510368');
INSERT INTO public.product_variants (id, product_id, size, color, stock, sku, price, created_at, updated_at) VALUES (100, 9, 'M', 'Black', 45, 'LF-009-M-BLA-100', 349000.00, '2026-06-26 13:58:24.510368', '2026-06-26 13:58:24.510368');
INSERT INTO public.product_variants (id, product_id, size, color, stock, sku, price, created_at, updated_at) VALUES (101, 9, 'M', 'White', 48, 'LF-009-M-WHI-101', 349000.00, '2026-06-26 13:58:24.510368', '2026-06-26 13:58:24.510368');
INSERT INTO public.product_variants (id, product_id, size, color, stock, sku, price, created_at, updated_at) VALUES (102, 9, 'M', 'Beige', 10, 'LF-009-M-BEI-102', 349000.00, '2026-06-26 13:58:24.510368', '2026-06-26 13:58:24.510368');
INSERT INTO public.product_variants (id, product_id, size, color, stock, sku, price, created_at, updated_at) VALUES (103, 9, 'L', 'Black', 13, 'LF-009-L-BLA-103', 349000.00, '2026-06-26 13:58:24.510368', '2026-06-26 13:58:24.510368');
INSERT INTO public.product_variants (id, product_id, size, color, stock, sku, price, created_at, updated_at) VALUES (104, 9, 'L', 'White', 16, 'LF-009-L-WHI-104', 349000.00, '2026-06-26 13:58:24.510368', '2026-06-26 13:58:24.510368');
INSERT INTO public.product_variants (id, product_id, size, color, stock, sku, price, created_at, updated_at) VALUES (105, 9, 'L', 'Beige', 19, 'LF-009-L-BEI-105', 349000.00, '2026-06-26 13:58:24.510368', '2026-06-26 13:58:24.510368');
INSERT INTO public.product_variants (id, product_id, size, color, stock, sku, price, created_at, updated_at) VALUES (106, 9, 'XL', 'Black', 22, 'LF-009-XL-BLA-106', 349000.00, '2026-06-26 13:58:24.510368', '2026-06-26 13:58:24.510368');
INSERT INTO public.product_variants (id, product_id, size, color, stock, sku, price, created_at, updated_at) VALUES (107, 9, 'XL', 'White', 25, 'LF-009-XL-WHI-107', 349000.00, '2026-06-26 13:58:24.510368', '2026-06-26 13:58:24.510368');
INSERT INTO public.product_variants (id, product_id, size, color, stock, sku, price, created_at, updated_at) VALUES (108, 9, 'XL', 'Beige', 28, 'LF-009-XL-BEI-108', 349000.00, '2026-06-26 13:58:24.510368', '2026-06-26 13:58:24.510368');
INSERT INTO public.product_variants (id, product_id, size, color, stock, sku, price, created_at, updated_at) VALUES (109, 10, 'S', 'Black', 38, 'LF-010-S-BLA-109', 389000.00, '2026-06-26 13:58:24.510368', '2026-06-26 13:58:24.510368');
INSERT INTO public.product_variants (id, product_id, size, color, stock, sku, price, created_at, updated_at) VALUES (110, 10, 'S', 'White', 41, 'LF-010-S-WHI-110', 389000.00, '2026-06-26 13:58:24.510368', '2026-06-26 13:58:24.510368');
INSERT INTO public.product_variants (id, product_id, size, color, stock, sku, price, created_at, updated_at) VALUES (111, 10, 'S', 'Beige', 44, 'LF-010-S-BEI-111', 389000.00, '2026-06-26 13:58:24.510368', '2026-06-26 13:58:24.510368');
INSERT INTO public.product_variants (id, product_id, size, color, stock, sku, price, created_at, updated_at) VALUES (112, 10, 'M', 'Black', 47, 'LF-010-M-BLA-112', 389000.00, '2026-06-26 13:58:24.510368', '2026-06-26 13:58:24.510368');
INSERT INTO public.product_variants (id, product_id, size, color, stock, sku, price, created_at, updated_at) VALUES (113, 10, 'M', 'White', 50, 'LF-010-M-WHI-113', 389000.00, '2026-06-26 13:58:24.510368', '2026-06-26 13:58:24.510368');
INSERT INTO public.product_variants (id, product_id, size, color, stock, sku, price, created_at, updated_at) VALUES (114, 10, 'M', 'Beige', 12, 'LF-010-M-BEI-114', 389000.00, '2026-06-26 13:58:24.510368', '2026-06-26 13:58:24.510368');
INSERT INTO public.product_variants (id, product_id, size, color, stock, sku, price, created_at, updated_at) VALUES (115, 10, 'L', 'Black', 15, 'LF-010-L-BLA-115', 389000.00, '2026-06-26 13:58:24.510368', '2026-06-26 13:58:24.510368');
INSERT INTO public.product_variants (id, product_id, size, color, stock, sku, price, created_at, updated_at) VALUES (116, 10, 'L', 'White', 18, 'LF-010-L-WHI-116', 389000.00, '2026-06-26 13:58:24.510368', '2026-06-26 13:58:24.510368');
INSERT INTO public.product_variants (id, product_id, size, color, stock, sku, price, created_at, updated_at) VALUES (117, 10, 'L', 'Beige', 21, 'LF-010-L-BEI-117', 389000.00, '2026-06-26 13:58:24.510368', '2026-06-26 13:58:24.510368');
INSERT INTO public.product_variants (id, product_id, size, color, stock, sku, price, created_at, updated_at) VALUES (118, 10, 'XL', 'Black', 24, 'LF-010-XL-BLA-118', 389000.00, '2026-06-26 13:58:24.510368', '2026-06-26 13:58:24.510368');
INSERT INTO public.product_variants (id, product_id, size, color, stock, sku, price, created_at, updated_at) VALUES (119, 10, 'XL', 'White', 27, 'LF-010-XL-WHI-119', 389000.00, '2026-06-26 13:58:24.510368', '2026-06-26 13:58:24.510368');
INSERT INTO public.product_variants (id, product_id, size, color, stock, sku, price, created_at, updated_at) VALUES (120, 10, 'XL', 'Beige', 30, 'LF-010-XL-BEI-120', 389000.00, '2026-06-26 13:58:24.510368', '2026-06-26 13:58:24.510368');
INSERT INTO public.product_variants (id, product_id, size, color, stock, sku, price, created_at, updated_at) VALUES (121, 11, 'S', 'Black', 40, 'LF-011-S-BLA-121', 239000.00, '2026-06-26 13:58:24.510368', '2026-06-26 13:58:24.510368');
INSERT INTO public.product_variants (id, product_id, size, color, stock, sku, price, created_at, updated_at) VALUES (122, 11, 'S', 'White', 43, 'LF-011-S-WHI-122', 239000.00, '2026-06-26 13:58:24.510368', '2026-06-26 13:58:24.510368');
INSERT INTO public.product_variants (id, product_id, size, color, stock, sku, price, created_at, updated_at) VALUES (123, 11, 'S', 'Beige', 46, 'LF-011-S-BEI-123', 239000.00, '2026-06-26 13:58:24.510368', '2026-06-26 13:58:24.510368');
INSERT INTO public.product_variants (id, product_id, size, color, stock, sku, price, created_at, updated_at) VALUES (124, 11, 'M', 'Black', 49, 'LF-011-M-BLA-124', 239000.00, '2026-06-26 13:58:24.510368', '2026-06-26 13:58:24.510368');
INSERT INTO public.product_variants (id, product_id, size, color, stock, sku, price, created_at, updated_at) VALUES (125, 11, 'M', 'White', 11, 'LF-011-M-WHI-125', 239000.00, '2026-06-26 13:58:24.510368', '2026-06-26 13:58:24.510368');
INSERT INTO public.product_variants (id, product_id, size, color, stock, sku, price, created_at, updated_at) VALUES (126, 11, 'M', 'Beige', 14, 'LF-011-M-BEI-126', 239000.00, '2026-06-26 13:58:24.510368', '2026-06-26 13:58:24.510368');
INSERT INTO public.product_variants (id, product_id, size, color, stock, sku, price, created_at, updated_at) VALUES (127, 11, 'L', 'Black', 17, 'LF-011-L-BLA-127', 239000.00, '2026-06-26 13:58:24.510368', '2026-06-26 13:58:24.510368');
INSERT INTO public.product_variants (id, product_id, size, color, stock, sku, price, created_at, updated_at) VALUES (128, 11, 'L', 'White', 20, 'LF-011-L-WHI-128', 239000.00, '2026-06-26 13:58:24.510368', '2026-06-26 13:58:24.510368');
INSERT INTO public.product_variants (id, product_id, size, color, stock, sku, price, created_at, updated_at) VALUES (129, 11, 'L', 'Beige', 23, 'LF-011-L-BEI-129', 239000.00, '2026-06-26 13:58:24.510368', '2026-06-26 13:58:24.510368');
INSERT INTO public.product_variants (id, product_id, size, color, stock, sku, price, created_at, updated_at) VALUES (130, 11, 'XL', 'Black', 26, 'LF-011-XL-BLA-130', 239000.00, '2026-06-26 13:58:24.510368', '2026-06-26 13:58:24.510368');
INSERT INTO public.product_variants (id, product_id, size, color, stock, sku, price, created_at, updated_at) VALUES (131, 11, 'XL', 'White', 29, 'LF-011-XL-WHI-131', 239000.00, '2026-06-26 13:58:24.510368', '2026-06-26 13:58:24.510368');
INSERT INTO public.product_variants (id, product_id, size, color, stock, sku, price, created_at, updated_at) VALUES (132, 11, 'XL', 'Beige', 32, 'LF-011-XL-BEI-132', 239000.00, '2026-06-26 13:58:24.510368', '2026-06-26 13:58:24.510368');
INSERT INTO public.product_variants (id, product_id, size, color, stock, sku, price, created_at, updated_at) VALUES (133, 12, 'S', 'Black', 42, 'LF-012-S-BLA-133', 369000.00, '2026-06-26 13:58:24.510368', '2026-06-26 13:58:24.510368');
INSERT INTO public.product_variants (id, product_id, size, color, stock, sku, price, created_at, updated_at) VALUES (134, 12, 'S', 'White', 45, 'LF-012-S-WHI-134', 369000.00, '2026-06-26 13:58:24.510368', '2026-06-26 13:58:24.510368');
INSERT INTO public.product_variants (id, product_id, size, color, stock, sku, price, created_at, updated_at) VALUES (135, 12, 'S', 'Beige', 48, 'LF-012-S-BEI-135', 369000.00, '2026-06-26 13:58:24.510368', '2026-06-26 13:58:24.510368');
INSERT INTO public.product_variants (id, product_id, size, color, stock, sku, price, created_at, updated_at) VALUES (136, 12, 'M', 'Black', 10, 'LF-012-M-BLA-136', 369000.00, '2026-06-26 13:58:24.510368', '2026-06-26 13:58:24.510368');
INSERT INTO public.product_variants (id, product_id, size, color, stock, sku, price, created_at, updated_at) VALUES (137, 12, 'M', 'White', 13, 'LF-012-M-WHI-137', 369000.00, '2026-06-26 13:58:24.510368', '2026-06-26 13:58:24.510368');
INSERT INTO public.product_variants (id, product_id, size, color, stock, sku, price, created_at, updated_at) VALUES (138, 12, 'M', 'Beige', 16, 'LF-012-M-BEI-138', 369000.00, '2026-06-26 13:58:24.510368', '2026-06-26 13:58:24.510368');
INSERT INTO public.product_variants (id, product_id, size, color, stock, sku, price, created_at, updated_at) VALUES (139, 12, 'L', 'Black', 19, 'LF-012-L-BLA-139', 369000.00, '2026-06-26 13:58:24.510368', '2026-06-26 13:58:24.510368');
INSERT INTO public.product_variants (id, product_id, size, color, stock, sku, price, created_at, updated_at) VALUES (140, 12, 'L', 'White', 22, 'LF-012-L-WHI-140', 369000.00, '2026-06-26 13:58:24.510368', '2026-06-26 13:58:24.510368');
INSERT INTO public.product_variants (id, product_id, size, color, stock, sku, price, created_at, updated_at) VALUES (141, 12, 'L', 'Beige', 25, 'LF-012-L-BEI-141', 369000.00, '2026-06-26 13:58:24.510368', '2026-06-26 13:58:24.510368');
INSERT INTO public.product_variants (id, product_id, size, color, stock, sku, price, created_at, updated_at) VALUES (142, 12, 'XL', 'Black', 28, 'LF-012-XL-BLA-142', 369000.00, '2026-06-26 13:58:24.510368', '2026-06-26 13:58:24.510368');
INSERT INTO public.product_variants (id, product_id, size, color, stock, sku, price, created_at, updated_at) VALUES (143, 12, 'XL', 'White', 31, 'LF-012-XL-WHI-143', 369000.00, '2026-06-26 13:58:24.510368', '2026-06-26 13:58:24.510368');
INSERT INTO public.product_variants (id, product_id, size, color, stock, sku, price, created_at, updated_at) VALUES (144, 12, 'XL', 'Beige', 34, 'LF-012-XL-BEI-144', 369000.00, '2026-06-26 13:58:24.510368', '2026-06-26 13:58:24.510368');
INSERT INTO public.product_variants (id, product_id, size, color, stock, sku, price, created_at, updated_at) VALUES (145, 13, 'S', 'Black', 44, 'LF-013-S-BLA-145', 409000.00, '2026-06-26 13:58:24.510368', '2026-06-26 13:58:24.510368');
INSERT INTO public.product_variants (id, product_id, size, color, stock, sku, price, created_at, updated_at) VALUES (146, 13, 'S', 'White', 47, 'LF-013-S-WHI-146', 409000.00, '2026-06-26 13:58:24.510368', '2026-06-26 13:58:24.510368');
INSERT INTO public.product_variants (id, product_id, size, color, stock, sku, price, created_at, updated_at) VALUES (147, 13, 'S', 'Beige', 50, 'LF-013-S-BEI-147', 409000.00, '2026-06-26 13:58:24.510368', '2026-06-26 13:58:24.510368');
INSERT INTO public.product_variants (id, product_id, size, color, stock, sku, price, created_at, updated_at) VALUES (148, 13, 'M', 'Black', 12, 'LF-013-M-BLA-148', 409000.00, '2026-06-26 13:58:24.510368', '2026-06-26 13:58:24.510368');
INSERT INTO public.product_variants (id, product_id, size, color, stock, sku, price, created_at, updated_at) VALUES (149, 13, 'M', 'White', 15, 'LF-013-M-WHI-149', 409000.00, '2026-06-26 13:58:24.510368', '2026-06-26 13:58:24.510368');
INSERT INTO public.product_variants (id, product_id, size, color, stock, sku, price, created_at, updated_at) VALUES (150, 13, 'M', 'Beige', 18, 'LF-013-M-BEI-150', 409000.00, '2026-06-26 13:58:24.510368', '2026-06-26 13:58:24.510368');
INSERT INTO public.product_variants (id, product_id, size, color, stock, sku, price, created_at, updated_at) VALUES (151, 13, 'L', 'Black', 21, 'LF-013-L-BLA-151', 409000.00, '2026-06-26 13:58:24.510368', '2026-06-26 13:58:24.510368');
INSERT INTO public.product_variants (id, product_id, size, color, stock, sku, price, created_at, updated_at) VALUES (152, 13, 'L', 'White', 24, 'LF-013-L-WHI-152', 409000.00, '2026-06-26 13:58:24.510368', '2026-06-26 13:58:24.510368');
INSERT INTO public.product_variants (id, product_id, size, color, stock, sku, price, created_at, updated_at) VALUES (153, 13, 'L', 'Beige', 27, 'LF-013-L-BEI-153', 409000.00, '2026-06-26 13:58:24.510368', '2026-06-26 13:58:24.510368');
INSERT INTO public.product_variants (id, product_id, size, color, stock, sku, price, created_at, updated_at) VALUES (154, 13, 'XL', 'Black', 30, 'LF-013-XL-BLA-154', 409000.00, '2026-06-26 13:58:24.510368', '2026-06-26 13:58:24.510368');
INSERT INTO public.product_variants (id, product_id, size, color, stock, sku, price, created_at, updated_at) VALUES (155, 13, 'XL', 'White', 33, 'LF-013-XL-WHI-155', 409000.00, '2026-06-26 13:58:24.510368', '2026-06-26 13:58:24.510368');
INSERT INTO public.product_variants (id, product_id, size, color, stock, sku, price, created_at, updated_at) VALUES (156, 13, 'XL', 'Beige', 36, 'LF-013-XL-BEI-156', 409000.00, '2026-06-26 13:58:24.510368', '2026-06-26 13:58:24.510368');
INSERT INTO public.product_variants (id, product_id, size, color, stock, sku, price, created_at, updated_at) VALUES (157, 14, 'S', 'Black', 46, 'LF-014-S-BLA-157', 339000.00, '2026-06-26 13:58:24.510368', '2026-06-26 13:58:24.510368');
INSERT INTO public.product_variants (id, product_id, size, color, stock, sku, price, created_at, updated_at) VALUES (158, 14, 'S', 'White', 49, 'LF-014-S-WHI-158', 339000.00, '2026-06-26 13:58:24.510368', '2026-06-26 13:58:24.510368');
INSERT INTO public.product_variants (id, product_id, size, color, stock, sku, price, created_at, updated_at) VALUES (159, 14, 'S', 'Beige', 11, 'LF-014-S-BEI-159', 339000.00, '2026-06-26 13:58:24.510368', '2026-06-26 13:58:24.510368');
INSERT INTO public.product_variants (id, product_id, size, color, stock, sku, price, created_at, updated_at) VALUES (160, 14, 'M', 'Black', 14, 'LF-014-M-BLA-160', 339000.00, '2026-06-26 13:58:24.510368', '2026-06-26 13:58:24.510368');
INSERT INTO public.product_variants (id, product_id, size, color, stock, sku, price, created_at, updated_at) VALUES (161, 14, 'M', 'White', 17, 'LF-014-M-WHI-161', 339000.00, '2026-06-26 13:58:24.510368', '2026-06-26 13:58:24.510368');
INSERT INTO public.product_variants (id, product_id, size, color, stock, sku, price, created_at, updated_at) VALUES (162, 14, 'M', 'Beige', 20, 'LF-014-M-BEI-162', 339000.00, '2026-06-26 13:58:24.510368', '2026-06-26 13:58:24.510368');
INSERT INTO public.product_variants (id, product_id, size, color, stock, sku, price, created_at, updated_at) VALUES (163, 14, 'L', 'Black', 23, 'LF-014-L-BLA-163', 339000.00, '2026-06-26 13:58:24.510368', '2026-06-26 13:58:24.510368');
INSERT INTO public.product_variants (id, product_id, size, color, stock, sku, price, created_at, updated_at) VALUES (164, 14, 'L', 'White', 26, 'LF-014-L-WHI-164', 339000.00, '2026-06-26 13:58:24.510368', '2026-06-26 13:58:24.510368');
INSERT INTO public.product_variants (id, product_id, size, color, stock, sku, price, created_at, updated_at) VALUES (165, 14, 'L', 'Beige', 29, 'LF-014-L-BEI-165', 339000.00, '2026-06-26 13:58:24.510368', '2026-06-26 13:58:24.510368');
INSERT INTO public.product_variants (id, product_id, size, color, stock, sku, price, created_at, updated_at) VALUES (166, 14, 'XL', 'Black', 32, 'LF-014-XL-BLA-166', 339000.00, '2026-06-26 13:58:24.510368', '2026-06-26 13:58:24.510368');
INSERT INTO public.product_variants (id, product_id, size, color, stock, sku, price, created_at, updated_at) VALUES (167, 14, 'XL', 'White', 35, 'LF-014-XL-WHI-167', 339000.00, '2026-06-26 13:58:24.510368', '2026-06-26 13:58:24.510368');
INSERT INTO public.product_variants (id, product_id, size, color, stock, sku, price, created_at, updated_at) VALUES (168, 14, 'XL', 'Beige', 38, 'LF-014-XL-BEI-168', 339000.00, '2026-06-26 13:58:24.510368', '2026-06-26 13:58:24.510368');
INSERT INTO public.product_variants (id, product_id, size, color, stock, sku, price, created_at, updated_at) VALUES (169, 15, 'S', 'Black', 48, 'LF-015-S-BLA-169', 379000.00, '2026-06-26 13:58:24.510368', '2026-06-26 13:58:24.510368');
INSERT INTO public.product_variants (id, product_id, size, color, stock, sku, price, created_at, updated_at) VALUES (170, 15, 'S', 'White', 10, 'LF-015-S-WHI-170', 379000.00, '2026-06-26 13:58:24.510368', '2026-06-26 13:58:24.510368');
INSERT INTO public.product_variants (id, product_id, size, color, stock, sku, price, created_at, updated_at) VALUES (171, 15, 'S', 'Beige', 13, 'LF-015-S-BEI-171', 379000.00, '2026-06-26 13:58:24.510368', '2026-06-26 13:58:24.510368');
INSERT INTO public.product_variants (id, product_id, size, color, stock, sku, price, created_at, updated_at) VALUES (172, 15, 'M', 'Black', 16, 'LF-015-M-BLA-172', 379000.00, '2026-06-26 13:58:24.510368', '2026-06-26 13:58:24.510368');
INSERT INTO public.product_variants (id, product_id, size, color, stock, sku, price, created_at, updated_at) VALUES (173, 15, 'M', 'White', 19, 'LF-015-M-WHI-173', 379000.00, '2026-06-26 13:58:24.510368', '2026-06-26 13:58:24.510368');
INSERT INTO public.product_variants (id, product_id, size, color, stock, sku, price, created_at, updated_at) VALUES (174, 15, 'M', 'Beige', 22, 'LF-015-M-BEI-174', 379000.00, '2026-06-26 13:58:24.510368', '2026-06-26 13:58:24.510368');
INSERT INTO public.product_variants (id, product_id, size, color, stock, sku, price, created_at, updated_at) VALUES (175, 15, 'L', 'Black', 25, 'LF-015-L-BLA-175', 379000.00, '2026-06-26 13:58:24.510368', '2026-06-26 13:58:24.510368');
INSERT INTO public.product_variants (id, product_id, size, color, stock, sku, price, created_at, updated_at) VALUES (176, 15, 'L', 'White', 28, 'LF-015-L-WHI-176', 379000.00, '2026-06-26 13:58:24.510368', '2026-06-26 13:58:24.510368');
INSERT INTO public.product_variants (id, product_id, size, color, stock, sku, price, created_at, updated_at) VALUES (177, 15, 'L', 'Beige', 31, 'LF-015-L-BEI-177', 379000.00, '2026-06-26 13:58:24.510368', '2026-06-26 13:58:24.510368');
INSERT INTO public.product_variants (id, product_id, size, color, stock, sku, price, created_at, updated_at) VALUES (178, 15, 'XL', 'Black', 34, 'LF-015-XL-BLA-178', 379000.00, '2026-06-26 13:58:24.510368', '2026-06-26 13:58:24.510368');
INSERT INTO public.product_variants (id, product_id, size, color, stock, sku, price, created_at, updated_at) VALUES (179, 15, 'XL', 'White', 37, 'LF-015-XL-WHI-179', 379000.00, '2026-06-26 13:58:24.510368', '2026-06-26 13:58:24.510368');
INSERT INTO public.product_variants (id, product_id, size, color, stock, sku, price, created_at, updated_at) VALUES (180, 15, 'XL', 'Beige', 40, 'LF-015-XL-BEI-180', 379000.00, '2026-06-26 13:58:24.510368', '2026-06-26 13:58:24.510368');
INSERT INTO public.product_variants (id, product_id, size, color, stock, sku, price, created_at, updated_at) VALUES (181, 16, 'S', 'Black', 50, 'LF-016-S-BLA-181', 199000.00, '2026-06-26 13:58:24.510368', '2026-06-26 13:58:24.510368');
INSERT INTO public.product_variants (id, product_id, size, color, stock, sku, price, created_at, updated_at) VALUES (182, 16, 'S', 'White', 12, 'LF-016-S-WHI-182', 199000.00, '2026-06-26 13:58:24.510368', '2026-06-26 13:58:24.510368');
INSERT INTO public.product_variants (id, product_id, size, color, stock, sku, price, created_at, updated_at) VALUES (183, 16, 'S', 'Beige', 15, 'LF-016-S-BEI-183', 199000.00, '2026-06-26 13:58:24.510368', '2026-06-26 13:58:24.510368');
INSERT INTO public.product_variants (id, product_id, size, color, stock, sku, price, created_at, updated_at) VALUES (184, 16, 'M', 'Black', 18, 'LF-016-M-BLA-184', 199000.00, '2026-06-26 13:58:24.510368', '2026-06-26 13:58:24.510368');
INSERT INTO public.product_variants (id, product_id, size, color, stock, sku, price, created_at, updated_at) VALUES (185, 16, 'M', 'White', 21, 'LF-016-M-WHI-185', 199000.00, '2026-06-26 13:58:24.510368', '2026-06-26 13:58:24.510368');
INSERT INTO public.product_variants (id, product_id, size, color, stock, sku, price, created_at, updated_at) VALUES (186, 16, 'M', 'Beige', 24, 'LF-016-M-BEI-186', 199000.00, '2026-06-26 13:58:24.510368', '2026-06-26 13:58:24.510368');
INSERT INTO public.product_variants (id, product_id, size, color, stock, sku, price, created_at, updated_at) VALUES (187, 16, 'L', 'Black', 27, 'LF-016-L-BLA-187', 199000.00, '2026-06-26 13:58:24.510368', '2026-06-26 13:58:24.510368');
INSERT INTO public.product_variants (id, product_id, size, color, stock, sku, price, created_at, updated_at) VALUES (188, 16, 'L', 'White', 30, 'LF-016-L-WHI-188', 199000.00, '2026-06-26 13:58:24.510368', '2026-06-26 13:58:24.510368');
INSERT INTO public.product_variants (id, product_id, size, color, stock, sku, price, created_at, updated_at) VALUES (189, 16, 'L', 'Beige', 33, 'LF-016-L-BEI-189', 199000.00, '2026-06-26 13:58:24.510368', '2026-06-26 13:58:24.510368');
INSERT INTO public.product_variants (id, product_id, size, color, stock, sku, price, created_at, updated_at) VALUES (190, 16, 'XL', 'Black', 36, 'LF-016-XL-BLA-190', 199000.00, '2026-06-26 13:58:24.510368', '2026-06-26 13:58:24.510368');
INSERT INTO public.product_variants (id, product_id, size, color, stock, sku, price, created_at, updated_at) VALUES (191, 16, 'XL', 'White', 39, 'LF-016-XL-WHI-191', 199000.00, '2026-06-26 13:58:24.510368', '2026-06-26 13:58:24.510368');
INSERT INTO public.product_variants (id, product_id, size, color, stock, sku, price, created_at, updated_at) VALUES (192, 16, 'XL', 'Beige', 42, 'LF-016-XL-BEI-192', 199000.00, '2026-06-26 13:58:24.510368', '2026-06-26 13:58:24.510368');
INSERT INTO public.product_variants (id, product_id, size, color, stock, sku, price, created_at, updated_at) VALUES (193, 17, 'S', 'Black', 11, 'LF-017-S-BLA-193', 329000.00, '2026-06-26 13:58:24.510368', '2026-06-26 13:58:24.510368');
INSERT INTO public.product_variants (id, product_id, size, color, stock, sku, price, created_at, updated_at) VALUES (194, 17, 'S', 'White', 14, 'LF-017-S-WHI-194', 329000.00, '2026-06-26 13:58:24.510368', '2026-06-26 13:58:24.510368');
INSERT INTO public.product_variants (id, product_id, size, color, stock, sku, price, created_at, updated_at) VALUES (195, 17, 'S', 'Beige', 17, 'LF-017-S-BEI-195', 329000.00, '2026-06-26 13:58:24.510368', '2026-06-26 13:58:24.510368');
INSERT INTO public.product_variants (id, product_id, size, color, stock, sku, price, created_at, updated_at) VALUES (196, 17, 'M', 'Black', 20, 'LF-017-M-BLA-196', 329000.00, '2026-06-26 13:58:24.510368', '2026-06-26 13:58:24.510368');
INSERT INTO public.product_variants (id, product_id, size, color, stock, sku, price, created_at, updated_at) VALUES (197, 17, 'M', 'White', 23, 'LF-017-M-WHI-197', 329000.00, '2026-06-26 13:58:24.510368', '2026-06-26 13:58:24.510368');
INSERT INTO public.product_variants (id, product_id, size, color, stock, sku, price, created_at, updated_at) VALUES (198, 17, 'M', 'Beige', 26, 'LF-017-M-BEI-198', 329000.00, '2026-06-26 13:58:24.510368', '2026-06-26 13:58:24.510368');
INSERT INTO public.product_variants (id, product_id, size, color, stock, sku, price, created_at, updated_at) VALUES (199, 17, 'L', 'Black', 29, 'LF-017-L-BLA-199', 329000.00, '2026-06-26 13:58:24.510368', '2026-06-26 13:58:24.510368');
INSERT INTO public.product_variants (id, product_id, size, color, stock, sku, price, created_at, updated_at) VALUES (200, 17, 'L', 'White', 32, 'LF-017-L-WHI-200', 329000.00, '2026-06-26 13:58:24.510368', '2026-06-26 13:58:24.510368');
INSERT INTO public.product_variants (id, product_id, size, color, stock, sku, price, created_at, updated_at) VALUES (201, 17, 'L', 'Beige', 35, 'LF-017-L-BEI-201', 329000.00, '2026-06-26 13:58:24.510368', '2026-06-26 13:58:24.510368');
INSERT INTO public.product_variants (id, product_id, size, color, stock, sku, price, created_at, updated_at) VALUES (202, 17, 'XL', 'Black', 38, 'LF-017-XL-BLA-202', 329000.00, '2026-06-26 13:58:24.510368', '2026-06-26 13:58:24.510368');
INSERT INTO public.product_variants (id, product_id, size, color, stock, sku, price, created_at, updated_at) VALUES (203, 17, 'XL', 'White', 41, 'LF-017-XL-WHI-203', 329000.00, '2026-06-26 13:58:24.510368', '2026-06-26 13:58:24.510368');
INSERT INTO public.product_variants (id, product_id, size, color, stock, sku, price, created_at, updated_at) VALUES (204, 17, 'XL', 'Beige', 44, 'LF-017-XL-BEI-204', 329000.00, '2026-06-26 13:58:24.510368', '2026-06-26 13:58:24.510368');
INSERT INTO public.product_variants (id, product_id, size, color, stock, sku, price, created_at, updated_at) VALUES (205, 18, 'S', 'Black', 13, 'LF-018-S-BLA-205', 279000.00, '2026-06-26 13:58:24.510368', '2026-06-26 13:58:24.510368');
INSERT INTO public.product_variants (id, product_id, size, color, stock, sku, price, created_at, updated_at) VALUES (206, 18, 'S', 'White', 16, 'LF-018-S-WHI-206', 279000.00, '2026-06-26 13:58:24.510368', '2026-06-26 13:58:24.510368');
INSERT INTO public.product_variants (id, product_id, size, color, stock, sku, price, created_at, updated_at) VALUES (207, 18, 'S', 'Beige', 19, 'LF-018-S-BEI-207', 279000.00, '2026-06-26 13:58:24.510368', '2026-06-26 13:58:24.510368');
INSERT INTO public.product_variants (id, product_id, size, color, stock, sku, price, created_at, updated_at) VALUES (208, 18, 'M', 'Black', 22, 'LF-018-M-BLA-208', 279000.00, '2026-06-26 13:58:24.510368', '2026-06-26 13:58:24.510368');
INSERT INTO public.product_variants (id, product_id, size, color, stock, sku, price, created_at, updated_at) VALUES (209, 18, 'M', 'White', 25, 'LF-018-M-WHI-209', 279000.00, '2026-06-26 13:58:24.510368', '2026-06-26 13:58:24.510368');
INSERT INTO public.product_variants (id, product_id, size, color, stock, sku, price, created_at, updated_at) VALUES (210, 18, 'M', 'Beige', 28, 'LF-018-M-BEI-210', 279000.00, '2026-06-26 13:58:24.510368', '2026-06-26 13:58:24.510368');
INSERT INTO public.product_variants (id, product_id, size, color, stock, sku, price, created_at, updated_at) VALUES (211, 18, 'L', 'Black', 31, 'LF-018-L-BLA-211', 279000.00, '2026-06-26 13:58:24.510368', '2026-06-26 13:58:24.510368');
INSERT INTO public.product_variants (id, product_id, size, color, stock, sku, price, created_at, updated_at) VALUES (212, 18, 'L', 'White', 34, 'LF-018-L-WHI-212', 279000.00, '2026-06-26 13:58:24.510368', '2026-06-26 13:58:24.510368');
INSERT INTO public.product_variants (id, product_id, size, color, stock, sku, price, created_at, updated_at) VALUES (213, 18, 'L', 'Beige', 37, 'LF-018-L-BEI-213', 279000.00, '2026-06-26 13:58:24.510368', '2026-06-26 13:58:24.510368');
INSERT INTO public.product_variants (id, product_id, size, color, stock, sku, price, created_at, updated_at) VALUES (214, 18, 'XL', 'Black', 40, 'LF-018-XL-BLA-214', 279000.00, '2026-06-26 13:58:24.510368', '2026-06-26 13:58:24.510368');
INSERT INTO public.product_variants (id, product_id, size, color, stock, sku, price, created_at, updated_at) VALUES (215, 18, 'XL', 'White', 43, 'LF-018-XL-WHI-215', 279000.00, '2026-06-26 13:58:24.510368', '2026-06-26 13:58:24.510368');
INSERT INTO public.product_variants (id, product_id, size, color, stock, sku, price, created_at, updated_at) VALUES (216, 18, 'XL', 'Beige', 46, 'LF-018-XL-BEI-216', 279000.00, '2026-06-26 13:58:24.510368', '2026-06-26 13:58:24.510368');
INSERT INTO public.product_variants (id, product_id, size, color, stock, sku, price, created_at, updated_at) VALUES (217, 19, 'S', 'Black', 15, 'LF-019-S-BLA-217', 319000.00, '2026-06-26 13:58:24.510368', '2026-06-26 13:58:24.510368');
INSERT INTO public.product_variants (id, product_id, size, color, stock, sku, price, created_at, updated_at) VALUES (218, 19, 'S', 'White', 18, 'LF-019-S-WHI-218', 319000.00, '2026-06-26 13:58:24.510368', '2026-06-26 13:58:24.510368');
INSERT INTO public.product_variants (id, product_id, size, color, stock, sku, price, created_at, updated_at) VALUES (219, 19, 'S', 'Beige', 21, 'LF-019-S-BEI-219', 319000.00, '2026-06-26 13:58:24.510368', '2026-06-26 13:58:24.510368');
INSERT INTO public.product_variants (id, product_id, size, color, stock, sku, price, created_at, updated_at) VALUES (220, 19, 'M', 'Black', 24, 'LF-019-M-BLA-220', 319000.00, '2026-06-26 13:58:24.510368', '2026-06-26 13:58:24.510368');
INSERT INTO public.product_variants (id, product_id, size, color, stock, sku, price, created_at, updated_at) VALUES (221, 19, 'M', 'White', 27, 'LF-019-M-WHI-221', 319000.00, '2026-06-26 13:58:24.510368', '2026-06-26 13:58:24.510368');
INSERT INTO public.product_variants (id, product_id, size, color, stock, sku, price, created_at, updated_at) VALUES (222, 19, 'M', 'Beige', 30, 'LF-019-M-BEI-222', 319000.00, '2026-06-26 13:58:24.510368', '2026-06-26 13:58:24.510368');
INSERT INTO public.product_variants (id, product_id, size, color, stock, sku, price, created_at, updated_at) VALUES (223, 19, 'L', 'Black', 33, 'LF-019-L-BLA-223', 319000.00, '2026-06-26 13:58:24.510368', '2026-06-26 13:58:24.510368');
INSERT INTO public.product_variants (id, product_id, size, color, stock, sku, price, created_at, updated_at) VALUES (224, 19, 'L', 'White', 36, 'LF-019-L-WHI-224', 319000.00, '2026-06-26 13:58:24.510368', '2026-06-26 13:58:24.510368');
INSERT INTO public.product_variants (id, product_id, size, color, stock, sku, price, created_at, updated_at) VALUES (225, 19, 'L', 'Beige', 39, 'LF-019-L-BEI-225', 319000.00, '2026-06-26 13:58:24.510368', '2026-06-26 13:58:24.510368');
INSERT INTO public.product_variants (id, product_id, size, color, stock, sku, price, created_at, updated_at) VALUES (226, 19, 'XL', 'Black', 42, 'LF-019-XL-BLA-226', 319000.00, '2026-06-26 13:58:24.510368', '2026-06-26 13:58:24.510368');
INSERT INTO public.product_variants (id, product_id, size, color, stock, sku, price, created_at, updated_at) VALUES (227, 19, 'XL', 'White', 45, 'LF-019-XL-WHI-227', 319000.00, '2026-06-26 13:58:24.510368', '2026-06-26 13:58:24.510368');
INSERT INTO public.product_variants (id, product_id, size, color, stock, sku, price, created_at, updated_at) VALUES (228, 19, 'XL', 'Beige', 48, 'LF-019-XL-BEI-228', 319000.00, '2026-06-26 13:58:24.510368', '2026-06-26 13:58:24.510368');
INSERT INTO public.product_variants (id, product_id, size, color, stock, sku, price, created_at, updated_at) VALUES (229, 20, 'S', 'Black', 17, 'LF-020-S-BLA-229', 229000.00, '2026-06-26 13:58:24.510368', '2026-06-26 13:58:24.510368');
INSERT INTO public.product_variants (id, product_id, size, color, stock, sku, price, created_at, updated_at) VALUES (230, 20, 'S', 'White', 20, 'LF-020-S-WHI-230', 229000.00, '2026-06-26 13:58:24.510368', '2026-06-26 13:58:24.510368');
INSERT INTO public.product_variants (id, product_id, size, color, stock, sku, price, created_at, updated_at) VALUES (231, 20, 'S', 'Beige', 23, 'LF-020-S-BEI-231', 229000.00, '2026-06-26 13:58:24.510368', '2026-06-26 13:58:24.510368');
INSERT INTO public.product_variants (id, product_id, size, color, stock, sku, price, created_at, updated_at) VALUES (232, 20, 'M', 'Black', 26, 'LF-020-M-BLA-232', 229000.00, '2026-06-26 13:58:24.510368', '2026-06-26 13:58:24.510368');
INSERT INTO public.product_variants (id, product_id, size, color, stock, sku, price, created_at, updated_at) VALUES (233, 20, 'M', 'White', 29, 'LF-020-M-WHI-233', 229000.00, '2026-06-26 13:58:24.510368', '2026-06-26 13:58:24.510368');
INSERT INTO public.product_variants (id, product_id, size, color, stock, sku, price, created_at, updated_at) VALUES (234, 20, 'M', 'Beige', 32, 'LF-020-M-BEI-234', 229000.00, '2026-06-26 13:58:24.510368', '2026-06-26 13:58:24.510368');
INSERT INTO public.product_variants (id, product_id, size, color, stock, sku, price, created_at, updated_at) VALUES (235, 20, 'L', 'Black', 35, 'LF-020-L-BLA-235', 229000.00, '2026-06-26 13:58:24.510368', '2026-06-26 13:58:24.510368');
INSERT INTO public.product_variants (id, product_id, size, color, stock, sku, price, created_at, updated_at) VALUES (236, 20, 'L', 'White', 38, 'LF-020-L-WHI-236', 229000.00, '2026-06-26 13:58:24.510368', '2026-06-26 13:58:24.510368');
INSERT INTO public.product_variants (id, product_id, size, color, stock, sku, price, created_at, updated_at) VALUES (237, 20, 'L', 'Beige', 41, 'LF-020-L-BEI-237', 229000.00, '2026-06-26 13:58:24.510368', '2026-06-26 13:58:24.510368');
INSERT INTO public.product_variants (id, product_id, size, color, stock, sku, price, created_at, updated_at) VALUES (238, 20, 'XL', 'Black', 44, 'LF-020-XL-BLA-238', 229000.00, '2026-06-26 13:58:24.510368', '2026-06-26 13:58:24.510368');
INSERT INTO public.product_variants (id, product_id, size, color, stock, sku, price, created_at, updated_at) VALUES (239, 20, 'XL', 'White', 47, 'LF-020-XL-WHI-239', 229000.00, '2026-06-26 13:58:24.510368', '2026-06-26 13:58:24.510368');
INSERT INTO public.product_variants (id, product_id, size, color, stock, sku, price, created_at, updated_at) VALUES (240, 20, 'XL', 'Beige', 50, 'LF-020-XL-BEI-240', 229000.00, '2026-06-26 13:58:24.510368', '2026-06-26 13:58:24.510368');
INSERT INTO public.product_variants (id, product_id, size, color, stock, sku, price, created_at, updated_at) VALUES (241, 21, 'S', 'Black', 19, 'LF-021-S-BLA-241', 289000.00, '2026-06-26 13:58:24.510368', '2026-06-26 13:58:24.510368');
INSERT INTO public.product_variants (id, product_id, size, color, stock, sku, price, created_at, updated_at) VALUES (242, 21, 'S', 'White', 22, 'LF-021-S-WHI-242', 289000.00, '2026-06-26 13:58:24.510368', '2026-06-26 13:58:24.510368');
INSERT INTO public.product_variants (id, product_id, size, color, stock, sku, price, created_at, updated_at) VALUES (243, 21, 'S', 'Beige', 25, 'LF-021-S-BEI-243', 289000.00, '2026-06-26 13:58:24.510368', '2026-06-26 13:58:24.510368');
INSERT INTO public.product_variants (id, product_id, size, color, stock, sku, price, created_at, updated_at) VALUES (244, 21, 'M', 'Black', 28, 'LF-021-M-BLA-244', 289000.00, '2026-06-26 13:58:24.510368', '2026-06-26 13:58:24.510368');
INSERT INTO public.product_variants (id, product_id, size, color, stock, sku, price, created_at, updated_at) VALUES (245, 21, 'M', 'White', 31, 'LF-021-M-WHI-245', 289000.00, '2026-06-26 13:58:24.510368', '2026-06-26 13:58:24.510368');
INSERT INTO public.product_variants (id, product_id, size, color, stock, sku, price, created_at, updated_at) VALUES (246, 21, 'M', 'Beige', 34, 'LF-021-M-BEI-246', 289000.00, '2026-06-26 13:58:24.510368', '2026-06-26 13:58:24.510368');
INSERT INTO public.product_variants (id, product_id, size, color, stock, sku, price, created_at, updated_at) VALUES (247, 21, 'L', 'Black', 37, 'LF-021-L-BLA-247', 289000.00, '2026-06-26 13:58:24.510368', '2026-06-26 13:58:24.510368');
INSERT INTO public.product_variants (id, product_id, size, color, stock, sku, price, created_at, updated_at) VALUES (248, 21, 'L', 'White', 40, 'LF-021-L-WHI-248', 289000.00, '2026-06-26 13:58:24.510368', '2026-06-26 13:58:24.510368');
INSERT INTO public.product_variants (id, product_id, size, color, stock, sku, price, created_at, updated_at) VALUES (249, 21, 'L', 'Beige', 43, 'LF-021-L-BEI-249', 289000.00, '2026-06-26 13:58:24.510368', '2026-06-26 13:58:24.510368');
INSERT INTO public.product_variants (id, product_id, size, color, stock, sku, price, created_at, updated_at) VALUES (250, 21, 'XL', 'Black', 46, 'LF-021-XL-BLA-250', 289000.00, '2026-06-26 13:58:24.510368', '2026-06-26 13:58:24.510368');
INSERT INTO public.product_variants (id, product_id, size, color, stock, sku, price, created_at, updated_at) VALUES (251, 21, 'XL', 'White', 49, 'LF-021-XL-WHI-251', 289000.00, '2026-06-26 13:58:24.510368', '2026-06-26 13:58:24.510368');
INSERT INTO public.product_variants (id, product_id, size, color, stock, sku, price, created_at, updated_at) VALUES (252, 21, 'XL', 'Beige', 11, 'LF-021-XL-BEI-252', 289000.00, '2026-06-26 13:58:24.510368', '2026-06-26 13:58:24.510368');
INSERT INTO public.product_variants (id, product_id, size, color, stock, sku, price, created_at, updated_at) VALUES (253, 22, 'S', 'Black', 21, 'LF-022-S-BLA-253', 319000.00, '2026-06-26 13:58:24.510368', '2026-06-26 13:58:24.510368');
INSERT INTO public.product_variants (id, product_id, size, color, stock, sku, price, created_at, updated_at) VALUES (254, 22, 'S', 'White', 24, 'LF-022-S-WHI-254', 319000.00, '2026-06-26 13:58:24.510368', '2026-06-26 13:58:24.510368');
INSERT INTO public.product_variants (id, product_id, size, color, stock, sku, price, created_at, updated_at) VALUES (255, 22, 'S', 'Beige', 27, 'LF-022-S-BEI-255', 319000.00, '2026-06-26 13:58:24.510368', '2026-06-26 13:58:24.510368');
INSERT INTO public.product_variants (id, product_id, size, color, stock, sku, price, created_at, updated_at) VALUES (256, 22, 'M', 'Black', 30, 'LF-022-M-BLA-256', 319000.00, '2026-06-26 13:58:24.510368', '2026-06-26 13:58:24.510368');
INSERT INTO public.product_variants (id, product_id, size, color, stock, sku, price, created_at, updated_at) VALUES (257, 22, 'M', 'White', 33, 'LF-022-M-WHI-257', 319000.00, '2026-06-26 13:58:24.510368', '2026-06-26 13:58:24.510368');
INSERT INTO public.product_variants (id, product_id, size, color, stock, sku, price, created_at, updated_at) VALUES (258, 22, 'M', 'Beige', 36, 'LF-022-M-BEI-258', 319000.00, '2026-06-26 13:58:24.510368', '2026-06-26 13:58:24.510368');
INSERT INTO public.product_variants (id, product_id, size, color, stock, sku, price, created_at, updated_at) VALUES (259, 22, 'L', 'Black', 39, 'LF-022-L-BLA-259', 319000.00, '2026-06-26 13:58:24.510368', '2026-06-26 13:58:24.510368');
INSERT INTO public.product_variants (id, product_id, size, color, stock, sku, price, created_at, updated_at) VALUES (260, 22, 'L', 'White', 42, 'LF-022-L-WHI-260', 319000.00, '2026-06-26 13:58:24.510368', '2026-06-26 13:58:24.510368');
INSERT INTO public.product_variants (id, product_id, size, color, stock, sku, price, created_at, updated_at) VALUES (261, 22, 'L', 'Beige', 45, 'LF-022-L-BEI-261', 319000.00, '2026-06-26 13:58:24.510368', '2026-06-26 13:58:24.510368');
INSERT INTO public.product_variants (id, product_id, size, color, stock, sku, price, created_at, updated_at) VALUES (262, 22, 'XL', 'Black', 48, 'LF-022-XL-BLA-262', 319000.00, '2026-06-26 13:58:24.510368', '2026-06-26 13:58:24.510368');
INSERT INTO public.product_variants (id, product_id, size, color, stock, sku, price, created_at, updated_at) VALUES (263, 22, 'XL', 'White', 10, 'LF-022-XL-WHI-263', 319000.00, '2026-06-26 13:58:24.510368', '2026-06-26 13:58:24.510368');
INSERT INTO public.product_variants (id, product_id, size, color, stock, sku, price, created_at, updated_at) VALUES (264, 22, 'XL', 'Beige', 13, 'LF-022-XL-BEI-264', 319000.00, '2026-06-26 13:58:24.510368', '2026-06-26 13:58:24.510368');
INSERT INTO public.product_variants (id, product_id, size, color, stock, sku, price, created_at, updated_at) VALUES (265, 23, 'S', 'Black', 23, 'LF-023-S-BLA-265', 219000.00, '2026-06-26 13:58:24.510368', '2026-06-26 13:58:24.510368');
INSERT INTO public.product_variants (id, product_id, size, color, stock, sku, price, created_at, updated_at) VALUES (266, 23, 'S', 'White', 26, 'LF-023-S-WHI-266', 219000.00, '2026-06-26 13:58:24.510368', '2026-06-26 13:58:24.510368');
INSERT INTO public.product_variants (id, product_id, size, color, stock, sku, price, created_at, updated_at) VALUES (267, 23, 'S', 'Beige', 29, 'LF-023-S-BEI-267', 219000.00, '2026-06-26 13:58:24.510368', '2026-06-26 13:58:24.510368');
INSERT INTO public.product_variants (id, product_id, size, color, stock, sku, price, created_at, updated_at) VALUES (268, 23, 'M', 'Black', 32, 'LF-023-M-BLA-268', 219000.00, '2026-06-26 13:58:24.510368', '2026-06-26 13:58:24.510368');
INSERT INTO public.product_variants (id, product_id, size, color, stock, sku, price, created_at, updated_at) VALUES (269, 23, 'M', 'White', 35, 'LF-023-M-WHI-269', 219000.00, '2026-06-26 13:58:24.510368', '2026-06-26 13:58:24.510368');
INSERT INTO public.product_variants (id, product_id, size, color, stock, sku, price, created_at, updated_at) VALUES (270, 23, 'M', 'Beige', 38, 'LF-023-M-BEI-270', 219000.00, '2026-06-26 13:58:24.510368', '2026-06-26 13:58:24.510368');
INSERT INTO public.product_variants (id, product_id, size, color, stock, sku, price, created_at, updated_at) VALUES (271, 23, 'L', 'Black', 41, 'LF-023-L-BLA-271', 219000.00, '2026-06-26 13:58:24.510368', '2026-06-26 13:58:24.510368');
INSERT INTO public.product_variants (id, product_id, size, color, stock, sku, price, created_at, updated_at) VALUES (272, 23, 'L', 'White', 44, 'LF-023-L-WHI-272', 219000.00, '2026-06-26 13:58:24.510368', '2026-06-26 13:58:24.510368');
INSERT INTO public.product_variants (id, product_id, size, color, stock, sku, price, created_at, updated_at) VALUES (273, 23, 'L', 'Beige', 47, 'LF-023-L-BEI-273', 219000.00, '2026-06-26 13:58:24.510368', '2026-06-26 13:58:24.510368');
INSERT INTO public.product_variants (id, product_id, size, color, stock, sku, price, created_at, updated_at) VALUES (274, 23, 'XL', 'Black', 50, 'LF-023-XL-BLA-274', 219000.00, '2026-06-26 13:58:24.510368', '2026-06-26 13:58:24.510368');
INSERT INTO public.product_variants (id, product_id, size, color, stock, sku, price, created_at, updated_at) VALUES (275, 23, 'XL', 'White', 12, 'LF-023-XL-WHI-275', 219000.00, '2026-06-26 13:58:24.510368', '2026-06-26 13:58:24.510368');
INSERT INTO public.product_variants (id, product_id, size, color, stock, sku, price, created_at, updated_at) VALUES (276, 23, 'XL', 'Beige', 15, 'LF-023-XL-BEI-276', 219000.00, '2026-06-26 13:58:24.510368', '2026-06-26 13:58:24.510368');
INSERT INTO public.product_variants (id, product_id, size, color, stock, sku, price, created_at, updated_at) VALUES (277, 24, 'S', 'Black', 25, 'LF-024-S-BLA-277', 199000.00, '2026-06-26 13:58:24.510368', '2026-06-26 13:58:24.510368');
INSERT INTO public.product_variants (id, product_id, size, color, stock, sku, price, created_at, updated_at) VALUES (278, 24, 'S', 'White', 28, 'LF-024-S-WHI-278', 199000.00, '2026-06-26 13:58:24.510368', '2026-06-26 13:58:24.510368');
INSERT INTO public.product_variants (id, product_id, size, color, stock, sku, price, created_at, updated_at) VALUES (279, 24, 'S', 'Beige', 31, 'LF-024-S-BEI-279', 199000.00, '2026-06-26 13:58:24.510368', '2026-06-26 13:58:24.510368');
INSERT INTO public.product_variants (id, product_id, size, color, stock, sku, price, created_at, updated_at) VALUES (280, 24, 'M', 'Black', 34, 'LF-024-M-BLA-280', 199000.00, '2026-06-26 13:58:24.510368', '2026-06-26 13:58:24.510368');
INSERT INTO public.product_variants (id, product_id, size, color, stock, sku, price, created_at, updated_at) VALUES (281, 24, 'M', 'White', 37, 'LF-024-M-WHI-281', 199000.00, '2026-06-26 13:58:24.510368', '2026-06-26 13:58:24.510368');
INSERT INTO public.product_variants (id, product_id, size, color, stock, sku, price, created_at, updated_at) VALUES (282, 24, 'M', 'Beige', 40, 'LF-024-M-BEI-282', 199000.00, '2026-06-26 13:58:24.510368', '2026-06-26 13:58:24.510368');
INSERT INTO public.product_variants (id, product_id, size, color, stock, sku, price, created_at, updated_at) VALUES (283, 24, 'L', 'Black', 43, 'LF-024-L-BLA-283', 199000.00, '2026-06-26 13:58:24.510368', '2026-06-26 13:58:24.510368');
INSERT INTO public.product_variants (id, product_id, size, color, stock, sku, price, created_at, updated_at) VALUES (284, 24, 'L', 'White', 46, 'LF-024-L-WHI-284', 199000.00, '2026-06-26 13:58:24.510368', '2026-06-26 13:58:24.510368');
INSERT INTO public.product_variants (id, product_id, size, color, stock, sku, price, created_at, updated_at) VALUES (285, 24, 'L', 'Beige', 49, 'LF-024-L-BEI-285', 199000.00, '2026-06-26 13:58:24.510368', '2026-06-26 13:58:24.510368');
INSERT INTO public.product_variants (id, product_id, size, color, stock, sku, price, created_at, updated_at) VALUES (286, 24, 'XL', 'Black', 11, 'LF-024-XL-BLA-286', 199000.00, '2026-06-26 13:58:24.510368', '2026-06-26 13:58:24.510368');
INSERT INTO public.product_variants (id, product_id, size, color, stock, sku, price, created_at, updated_at) VALUES (287, 24, 'XL', 'White', 14, 'LF-024-XL-WHI-287', 199000.00, '2026-06-26 13:58:24.510368', '2026-06-26 13:58:24.510368');
INSERT INTO public.product_variants (id, product_id, size, color, stock, sku, price, created_at, updated_at) VALUES (288, 24, 'XL', 'Beige', 17, 'LF-024-XL-BEI-288', 199000.00, '2026-06-26 13:58:24.510368', '2026-06-26 13:58:24.510368');
INSERT INTO public.product_variants (id, product_id, size, color, stock, sku, price, created_at, updated_at) VALUES (289, 25, 'S', 'Black', 27, 'LF-025-S-BLA-289', 349000.00, '2026-06-26 13:58:24.510368', '2026-06-26 13:58:24.510368');
INSERT INTO public.product_variants (id, product_id, size, color, stock, sku, price, created_at, updated_at) VALUES (290, 25, 'S', 'White', 30, 'LF-025-S-WHI-290', 349000.00, '2026-06-26 13:58:24.510368', '2026-06-26 13:58:24.510368');
INSERT INTO public.product_variants (id, product_id, size, color, stock, sku, price, created_at, updated_at) VALUES (291, 25, 'S', 'Beige', 33, 'LF-025-S-BEI-291', 349000.00, '2026-06-26 13:58:24.510368', '2026-06-26 13:58:24.510368');
INSERT INTO public.product_variants (id, product_id, size, color, stock, sku, price, created_at, updated_at) VALUES (292, 25, 'M', 'Black', 36, 'LF-025-M-BLA-292', 349000.00, '2026-06-26 13:58:24.510368', '2026-06-26 13:58:24.510368');
INSERT INTO public.product_variants (id, product_id, size, color, stock, sku, price, created_at, updated_at) VALUES (293, 25, 'M', 'White', 39, 'LF-025-M-WHI-293', 349000.00, '2026-06-26 13:58:24.510368', '2026-06-26 13:58:24.510368');
INSERT INTO public.product_variants (id, product_id, size, color, stock, sku, price, created_at, updated_at) VALUES (294, 25, 'M', 'Beige', 42, 'LF-025-M-BEI-294', 349000.00, '2026-06-26 13:58:24.510368', '2026-06-26 13:58:24.510368');
INSERT INTO public.product_variants (id, product_id, size, color, stock, sku, price, created_at, updated_at) VALUES (295, 25, 'L', 'Black', 45, 'LF-025-L-BLA-295', 349000.00, '2026-06-26 13:58:24.510368', '2026-06-26 13:58:24.510368');
INSERT INTO public.product_variants (id, product_id, size, color, stock, sku, price, created_at, updated_at) VALUES (296, 25, 'L', 'White', 48, 'LF-025-L-WHI-296', 349000.00, '2026-06-26 13:58:24.510368', '2026-06-26 13:58:24.510368');
INSERT INTO public.product_variants (id, product_id, size, color, stock, sku, price, created_at, updated_at) VALUES (297, 25, 'L', 'Beige', 10, 'LF-025-L-BEI-297', 349000.00, '2026-06-26 13:58:24.510368', '2026-06-26 13:58:24.510368');
INSERT INTO public.product_variants (id, product_id, size, color, stock, sku, price, created_at, updated_at) VALUES (298, 25, 'XL', 'Black', 13, 'LF-025-XL-BLA-298', 349000.00, '2026-06-26 13:58:24.510368', '2026-06-26 13:58:24.510368');
INSERT INTO public.product_variants (id, product_id, size, color, stock, sku, price, created_at, updated_at) VALUES (299, 25, 'XL', 'White', 16, 'LF-025-XL-WHI-299', 349000.00, '2026-06-26 13:58:24.510368', '2026-06-26 13:58:24.510368');
INSERT INTO public.product_variants (id, product_id, size, color, stock, sku, price, created_at, updated_at) VALUES (300, 25, 'XL', 'Beige', 19, 'LF-025-XL-BEI-300', 349000.00, '2026-06-26 13:58:24.510368', '2026-06-26 13:58:24.510368');
INSERT INTO public.product_variants (id, product_id, size, color, stock, sku, price, created_at, updated_at) VALUES (301, 26, 'S', 'Black', 29, 'LF-026-S-BLA-301', 249000.00, '2026-06-26 13:58:24.510368', '2026-06-26 13:58:24.510368');
INSERT INTO public.product_variants (id, product_id, size, color, stock, sku, price, created_at, updated_at) VALUES (302, 26, 'S', 'White', 32, 'LF-026-S-WHI-302', 249000.00, '2026-06-26 13:58:24.510368', '2026-06-26 13:58:24.510368');
INSERT INTO public.product_variants (id, product_id, size, color, stock, sku, price, created_at, updated_at) VALUES (303, 26, 'S', 'Beige', 35, 'LF-026-S-BEI-303', 249000.00, '2026-06-26 13:58:24.510368', '2026-06-26 13:58:24.510368');
INSERT INTO public.product_variants (id, product_id, size, color, stock, sku, price, created_at, updated_at) VALUES (304, 26, 'M', 'Black', 38, 'LF-026-M-BLA-304', 249000.00, '2026-06-26 13:58:24.510368', '2026-06-26 13:58:24.510368');
INSERT INTO public.product_variants (id, product_id, size, color, stock, sku, price, created_at, updated_at) VALUES (305, 26, 'M', 'White', 41, 'LF-026-M-WHI-305', 249000.00, '2026-06-26 13:58:24.510368', '2026-06-26 13:58:24.510368');
INSERT INTO public.product_variants (id, product_id, size, color, stock, sku, price, created_at, updated_at) VALUES (306, 26, 'M', 'Beige', 44, 'LF-026-M-BEI-306', 249000.00, '2026-06-26 13:58:24.510368', '2026-06-26 13:58:24.510368');
INSERT INTO public.product_variants (id, product_id, size, color, stock, sku, price, created_at, updated_at) VALUES (307, 26, 'L', 'Black', 47, 'LF-026-L-BLA-307', 249000.00, '2026-06-26 13:58:24.510368', '2026-06-26 13:58:24.510368');
INSERT INTO public.product_variants (id, product_id, size, color, stock, sku, price, created_at, updated_at) VALUES (308, 26, 'L', 'White', 50, 'LF-026-L-WHI-308', 249000.00, '2026-06-26 13:58:24.510368', '2026-06-26 13:58:24.510368');
INSERT INTO public.product_variants (id, product_id, size, color, stock, sku, price, created_at, updated_at) VALUES (309, 26, 'L', 'Beige', 12, 'LF-026-L-BEI-309', 249000.00, '2026-06-26 13:58:24.510368', '2026-06-26 13:58:24.510368');
INSERT INTO public.product_variants (id, product_id, size, color, stock, sku, price, created_at, updated_at) VALUES (310, 26, 'XL', 'Black', 15, 'LF-026-XL-BLA-310', 249000.00, '2026-06-26 13:58:24.510368', '2026-06-26 13:58:24.510368');
INSERT INTO public.product_variants (id, product_id, size, color, stock, sku, price, created_at, updated_at) VALUES (311, 26, 'XL', 'White', 18, 'LF-026-XL-WHI-311', 249000.00, '2026-06-26 13:58:24.510368', '2026-06-26 13:58:24.510368');
INSERT INTO public.product_variants (id, product_id, size, color, stock, sku, price, created_at, updated_at) VALUES (312, 26, 'XL', 'Beige', 21, 'LF-026-XL-BEI-312', 249000.00, '2026-06-26 13:58:24.510368', '2026-06-26 13:58:24.510368');
INSERT INTO public.product_variants (id, product_id, size, color, stock, sku, price, created_at, updated_at) VALUES (313, 27, 'S', 'Black', 31, 'LF-027-S-BLA-313', 219000.00, '2026-06-26 13:58:24.510368', '2026-06-26 13:58:24.510368');
INSERT INTO public.product_variants (id, product_id, size, color, stock, sku, price, created_at, updated_at) VALUES (314, 27, 'S', 'White', 34, 'LF-027-S-WHI-314', 219000.00, '2026-06-26 13:58:24.510368', '2026-06-26 13:58:24.510368');
INSERT INTO public.product_variants (id, product_id, size, color, stock, sku, price, created_at, updated_at) VALUES (315, 27, 'S', 'Beige', 37, 'LF-027-S-BEI-315', 219000.00, '2026-06-26 13:58:24.510368', '2026-06-26 13:58:24.510368');
INSERT INTO public.product_variants (id, product_id, size, color, stock, sku, price, created_at, updated_at) VALUES (316, 27, 'M', 'Black', 40, 'LF-027-M-BLA-316', 219000.00, '2026-06-26 13:58:24.510368', '2026-06-26 13:58:24.510368');
INSERT INTO public.product_variants (id, product_id, size, color, stock, sku, price, created_at, updated_at) VALUES (317, 27, 'M', 'White', 43, 'LF-027-M-WHI-317', 219000.00, '2026-06-26 13:58:24.510368', '2026-06-26 13:58:24.510368');
INSERT INTO public.product_variants (id, product_id, size, color, stock, sku, price, created_at, updated_at) VALUES (318, 27, 'M', 'Beige', 46, 'LF-027-M-BEI-318', 219000.00, '2026-06-26 13:58:24.510368', '2026-06-26 13:58:24.510368');
INSERT INTO public.product_variants (id, product_id, size, color, stock, sku, price, created_at, updated_at) VALUES (319, 27, 'L', 'Black', 49, 'LF-027-L-BLA-319', 219000.00, '2026-06-26 13:58:24.510368', '2026-06-26 13:58:24.510368');
INSERT INTO public.product_variants (id, product_id, size, color, stock, sku, price, created_at, updated_at) VALUES (320, 27, 'L', 'White', 11, 'LF-027-L-WHI-320', 219000.00, '2026-06-26 13:58:24.510368', '2026-06-26 13:58:24.510368');
INSERT INTO public.product_variants (id, product_id, size, color, stock, sku, price, created_at, updated_at) VALUES (321, 27, 'L', 'Beige', 14, 'LF-027-L-BEI-321', 219000.00, '2026-06-26 13:58:24.510368', '2026-06-26 13:58:24.510368');
INSERT INTO public.product_variants (id, product_id, size, color, stock, sku, price, created_at, updated_at) VALUES (322, 27, 'XL', 'Black', 17, 'LF-027-XL-BLA-322', 219000.00, '2026-06-26 13:58:24.510368', '2026-06-26 13:58:24.510368');
INSERT INTO public.product_variants (id, product_id, size, color, stock, sku, price, created_at, updated_at) VALUES (323, 27, 'XL', 'White', 20, 'LF-027-XL-WHI-323', 219000.00, '2026-06-26 13:58:24.510368', '2026-06-26 13:58:24.510368');
INSERT INTO public.product_variants (id, product_id, size, color, stock, sku, price, created_at, updated_at) VALUES (324, 27, 'XL', 'Beige', 23, 'LF-027-XL-BEI-324', 219000.00, '2026-06-26 13:58:24.510368', '2026-06-26 13:58:24.510368');
INSERT INTO public.product_variants (id, product_id, size, color, stock, sku, price, created_at, updated_at) VALUES (325, 28, 'S', 'Black', 33, 'LF-028-S-BLA-325', 349000.00, '2026-06-26 13:58:24.510368', '2026-06-26 13:58:24.510368');
INSERT INTO public.product_variants (id, product_id, size, color, stock, sku, price, created_at, updated_at) VALUES (326, 28, 'S', 'White', 36, 'LF-028-S-WHI-326', 349000.00, '2026-06-26 13:58:24.510368', '2026-06-26 13:58:24.510368');
INSERT INTO public.product_variants (id, product_id, size, color, stock, sku, price, created_at, updated_at) VALUES (327, 28, 'S', 'Beige', 39, 'LF-028-S-BEI-327', 349000.00, '2026-06-26 13:58:24.510368', '2026-06-26 13:58:24.510368');
INSERT INTO public.product_variants (id, product_id, size, color, stock, sku, price, created_at, updated_at) VALUES (328, 28, 'M', 'Black', 42, 'LF-028-M-BLA-328', 349000.00, '2026-06-26 13:58:24.510368', '2026-06-26 13:58:24.510368');
INSERT INTO public.product_variants (id, product_id, size, color, stock, sku, price, created_at, updated_at) VALUES (329, 28, 'M', 'White', 45, 'LF-028-M-WHI-329', 349000.00, '2026-06-26 13:58:24.510368', '2026-06-26 13:58:24.510368');
INSERT INTO public.product_variants (id, product_id, size, color, stock, sku, price, created_at, updated_at) VALUES (330, 28, 'M', 'Beige', 48, 'LF-028-M-BEI-330', 349000.00, '2026-06-26 13:58:24.510368', '2026-06-26 13:58:24.510368');
INSERT INTO public.product_variants (id, product_id, size, color, stock, sku, price, created_at, updated_at) VALUES (331, 28, 'L', 'Black', 10, 'LF-028-L-BLA-331', 349000.00, '2026-06-26 13:58:24.510368', '2026-06-26 13:58:24.510368');
INSERT INTO public.product_variants (id, product_id, size, color, stock, sku, price, created_at, updated_at) VALUES (332, 28, 'L', 'White', 13, 'LF-028-L-WHI-332', 349000.00, '2026-06-26 13:58:24.510368', '2026-06-26 13:58:24.510368');
INSERT INTO public.product_variants (id, product_id, size, color, stock, sku, price, created_at, updated_at) VALUES (333, 28, 'L', 'Beige', 16, 'LF-028-L-BEI-333', 349000.00, '2026-06-26 13:58:24.510368', '2026-06-26 13:58:24.510368');
INSERT INTO public.product_variants (id, product_id, size, color, stock, sku, price, created_at, updated_at) VALUES (334, 28, 'XL', 'Black', 19, 'LF-028-XL-BLA-334', 349000.00, '2026-06-26 13:58:24.510368', '2026-06-26 13:58:24.510368');
INSERT INTO public.product_variants (id, product_id, size, color, stock, sku, price, created_at, updated_at) VALUES (335, 28, 'XL', 'White', 22, 'LF-028-XL-WHI-335', 349000.00, '2026-06-26 13:58:24.510368', '2026-06-26 13:58:24.510368');
INSERT INTO public.product_variants (id, product_id, size, color, stock, sku, price, created_at, updated_at) VALUES (336, 28, 'XL', 'Beige', 25, 'LF-028-XL-BEI-336', 349000.00, '2026-06-26 13:58:24.510368', '2026-06-26 13:58:24.510368');
INSERT INTO public.product_variants (id, product_id, size, color, stock, sku, price, created_at, updated_at) VALUES (337, 29, 'S', 'Black', 35, 'LF-029-S-BLA-337', 549000.00, '2026-06-26 13:58:24.510368', '2026-06-26 13:58:24.510368');
INSERT INTO public.product_variants (id, product_id, size, color, stock, sku, price, created_at, updated_at) VALUES (338, 29, 'S', 'White', 38, 'LF-029-S-WHI-338', 549000.00, '2026-06-26 13:58:24.510368', '2026-06-26 13:58:24.510368');
INSERT INTO public.product_variants (id, product_id, size, color, stock, sku, price, created_at, updated_at) VALUES (339, 29, 'S', 'Beige', 41, 'LF-029-S-BEI-339', 549000.00, '2026-06-26 13:58:24.510368', '2026-06-26 13:58:24.510368');
INSERT INTO public.product_variants (id, product_id, size, color, stock, sku, price, created_at, updated_at) VALUES (340, 29, 'M', 'Black', 44, 'LF-029-M-BLA-340', 549000.00, '2026-06-26 13:58:24.510368', '2026-06-26 13:58:24.510368');
INSERT INTO public.product_variants (id, product_id, size, color, stock, sku, price, created_at, updated_at) VALUES (341, 29, 'M', 'White', 47, 'LF-029-M-WHI-341', 549000.00, '2026-06-26 13:58:24.510368', '2026-06-26 13:58:24.510368');
INSERT INTO public.product_variants (id, product_id, size, color, stock, sku, price, created_at, updated_at) VALUES (342, 29, 'M', 'Beige', 50, 'LF-029-M-BEI-342', 549000.00, '2026-06-26 13:58:24.510368', '2026-06-26 13:58:24.510368');
INSERT INTO public.product_variants (id, product_id, size, color, stock, sku, price, created_at, updated_at) VALUES (343, 29, 'L', 'Black', 12, 'LF-029-L-BLA-343', 549000.00, '2026-06-26 13:58:24.510368', '2026-06-26 13:58:24.510368');
INSERT INTO public.product_variants (id, product_id, size, color, stock, sku, price, created_at, updated_at) VALUES (344, 29, 'L', 'White', 15, 'LF-029-L-WHI-344', 549000.00, '2026-06-26 13:58:24.510368', '2026-06-26 13:58:24.510368');
INSERT INTO public.product_variants (id, product_id, size, color, stock, sku, price, created_at, updated_at) VALUES (345, 29, 'L', 'Beige', 18, 'LF-029-L-BEI-345', 549000.00, '2026-06-26 13:58:24.510368', '2026-06-26 13:58:24.510368');
INSERT INTO public.product_variants (id, product_id, size, color, stock, sku, price, created_at, updated_at) VALUES (346, 29, 'XL', 'Black', 21, 'LF-029-XL-BLA-346', 549000.00, '2026-06-26 13:58:24.510368', '2026-06-26 13:58:24.510368');
INSERT INTO public.product_variants (id, product_id, size, color, stock, sku, price, created_at, updated_at) VALUES (347, 29, 'XL', 'White', 24, 'LF-029-XL-WHI-347', 549000.00, '2026-06-26 13:58:24.510368', '2026-06-26 13:58:24.510368');
INSERT INTO public.product_variants (id, product_id, size, color, stock, sku, price, created_at, updated_at) VALUES (348, 29, 'XL', 'Beige', 27, 'LF-029-XL-BEI-348', 549000.00, '2026-06-26 13:58:24.510368', '2026-06-26 13:58:24.510368');
INSERT INTO public.product_variants (id, product_id, size, color, stock, sku, price, created_at, updated_at) VALUES (349, 30, 'S', 'Black', 37, 'LF-030-S-BLA-349', 599000.00, '2026-06-26 13:58:24.510368', '2026-06-26 13:58:24.510368');
INSERT INTO public.product_variants (id, product_id, size, color, stock, sku, price, created_at, updated_at) VALUES (350, 30, 'S', 'White', 40, 'LF-030-S-WHI-350', 599000.00, '2026-06-26 13:58:24.510368', '2026-06-26 13:58:24.510368');
INSERT INTO public.product_variants (id, product_id, size, color, stock, sku, price, created_at, updated_at) VALUES (351, 30, 'S', 'Beige', 43, 'LF-030-S-BEI-351', 599000.00, '2026-06-26 13:58:24.510368', '2026-06-26 13:58:24.510368');
INSERT INTO public.product_variants (id, product_id, size, color, stock, sku, price, created_at, updated_at) VALUES (352, 30, 'M', 'Black', 46, 'LF-030-M-BLA-352', 599000.00, '2026-06-26 13:58:24.510368', '2026-06-26 13:58:24.510368');
INSERT INTO public.product_variants (id, product_id, size, color, stock, sku, price, created_at, updated_at) VALUES (353, 30, 'M', 'White', 49, 'LF-030-M-WHI-353', 599000.00, '2026-06-26 13:58:24.510368', '2026-06-26 13:58:24.510368');
INSERT INTO public.product_variants (id, product_id, size, color, stock, sku, price, created_at, updated_at) VALUES (354, 30, 'M', 'Beige', 11, 'LF-030-M-BEI-354', 599000.00, '2026-06-26 13:58:24.510368', '2026-06-26 13:58:24.510368');
INSERT INTO public.product_variants (id, product_id, size, color, stock, sku, price, created_at, updated_at) VALUES (355, 30, 'L', 'Black', 14, 'LF-030-L-BLA-355', 599000.00, '2026-06-26 13:58:24.510368', '2026-06-26 13:58:24.510368');
INSERT INTO public.product_variants (id, product_id, size, color, stock, sku, price, created_at, updated_at) VALUES (356, 30, 'L', 'White', 17, 'LF-030-L-WHI-356', 599000.00, '2026-06-26 13:58:24.510368', '2026-06-26 13:58:24.510368');
INSERT INTO public.product_variants (id, product_id, size, color, stock, sku, price, created_at, updated_at) VALUES (357, 30, 'L', 'Beige', 20, 'LF-030-L-BEI-357', 599000.00, '2026-06-26 13:58:24.510368', '2026-06-26 13:58:24.510368');
INSERT INTO public.product_variants (id, product_id, size, color, stock, sku, price, created_at, updated_at) VALUES (358, 30, 'XL', 'Black', 23, 'LF-030-XL-BLA-358', 599000.00, '2026-06-26 13:58:24.510368', '2026-06-26 13:58:24.510368');
INSERT INTO public.product_variants (id, product_id, size, color, stock, sku, price, created_at, updated_at) VALUES (359, 30, 'XL', 'White', 26, 'LF-030-XL-WHI-359', 599000.00, '2026-06-26 13:58:24.510368', '2026-06-26 13:58:24.510368');
INSERT INTO public.product_variants (id, product_id, size, color, stock, sku, price, created_at, updated_at) VALUES (360, 30, 'XL', 'Beige', 29, 'LF-030-XL-BEI-360', 599000.00, '2026-06-26 13:58:24.510368', '2026-06-26 13:58:24.510368');
INSERT INTO public.product_variants (id, product_id, size, color, stock, sku, price, created_at, updated_at) VALUES (361, 31, 'S', 'Black', 39, 'LF-031-S-BLA-361', 429000.00, '2026-06-26 13:58:24.510368', '2026-06-26 13:58:24.510368');
INSERT INTO public.product_variants (id, product_id, size, color, stock, sku, price, created_at, updated_at) VALUES (362, 31, 'S', 'White', 42, 'LF-031-S-WHI-362', 429000.00, '2026-06-26 13:58:24.510368', '2026-06-26 13:58:24.510368');
INSERT INTO public.product_variants (id, product_id, size, color, stock, sku, price, created_at, updated_at) VALUES (363, 31, 'S', 'Beige', 45, 'LF-031-S-BEI-363', 429000.00, '2026-06-26 13:58:24.510368', '2026-06-26 13:58:24.510368');
INSERT INTO public.product_variants (id, product_id, size, color, stock, sku, price, created_at, updated_at) VALUES (364, 31, 'M', 'Black', 48, 'LF-031-M-BLA-364', 429000.00, '2026-06-26 13:58:24.510368', '2026-06-26 13:58:24.510368');
INSERT INTO public.product_variants (id, product_id, size, color, stock, sku, price, created_at, updated_at) VALUES (365, 31, 'M', 'White', 10, 'LF-031-M-WHI-365', 429000.00, '2026-06-26 13:58:24.510368', '2026-06-26 13:58:24.510368');
INSERT INTO public.product_variants (id, product_id, size, color, stock, sku, price, created_at, updated_at) VALUES (366, 31, 'M', 'Beige', 13, 'LF-031-M-BEI-366', 429000.00, '2026-06-26 13:58:24.510368', '2026-06-26 13:58:24.510368');
INSERT INTO public.product_variants (id, product_id, size, color, stock, sku, price, created_at, updated_at) VALUES (367, 31, 'L', 'Black', 16, 'LF-031-L-BLA-367', 429000.00, '2026-06-26 13:58:24.510368', '2026-06-26 13:58:24.510368');
INSERT INTO public.product_variants (id, product_id, size, color, stock, sku, price, created_at, updated_at) VALUES (368, 31, 'L', 'White', 19, 'LF-031-L-WHI-368', 429000.00, '2026-06-26 13:58:24.510368', '2026-06-26 13:58:24.510368');
INSERT INTO public.product_variants (id, product_id, size, color, stock, sku, price, created_at, updated_at) VALUES (369, 31, 'L', 'Beige', 22, 'LF-031-L-BEI-369', 429000.00, '2026-06-26 13:58:24.510368', '2026-06-26 13:58:24.510368');
INSERT INTO public.product_variants (id, product_id, size, color, stock, sku, price, created_at, updated_at) VALUES (370, 31, 'XL', 'Black', 25, 'LF-031-XL-BLA-370', 429000.00, '2026-06-26 13:58:24.510368', '2026-06-26 13:58:24.510368');
INSERT INTO public.product_variants (id, product_id, size, color, stock, sku, price, created_at, updated_at) VALUES (371, 31, 'XL', 'White', 28, 'LF-031-XL-WHI-371', 429000.00, '2026-06-26 13:58:24.510368', '2026-06-26 13:58:24.510368');
INSERT INTO public.product_variants (id, product_id, size, color, stock, sku, price, created_at, updated_at) VALUES (372, 31, 'XL', 'Beige', 31, 'LF-031-XL-BEI-372', 429000.00, '2026-06-26 13:58:24.510368', '2026-06-26 13:58:24.510368');
INSERT INTO public.product_variants (id, product_id, size, color, stock, sku, price, created_at, updated_at) VALUES (373, 32, 'S', 'Black', 41, 'LF-032-S-BLA-373', 459000.00, '2026-06-26 13:58:24.510368', '2026-06-26 13:58:24.510368');
INSERT INTO public.product_variants (id, product_id, size, color, stock, sku, price, created_at, updated_at) VALUES (374, 32, 'S', 'White', 44, 'LF-032-S-WHI-374', 459000.00, '2026-06-26 13:58:24.510368', '2026-06-26 13:58:24.510368');
INSERT INTO public.product_variants (id, product_id, size, color, stock, sku, price, created_at, updated_at) VALUES (375, 32, 'S', 'Beige', 47, 'LF-032-S-BEI-375', 459000.00, '2026-06-26 13:58:24.510368', '2026-06-26 13:58:24.510368');
INSERT INTO public.product_variants (id, product_id, size, color, stock, sku, price, created_at, updated_at) VALUES (376, 32, 'M', 'Black', 50, 'LF-032-M-BLA-376', 459000.00, '2026-06-26 13:58:24.510368', '2026-06-26 13:58:24.510368');
INSERT INTO public.product_variants (id, product_id, size, color, stock, sku, price, created_at, updated_at) VALUES (377, 32, 'M', 'White', 12, 'LF-032-M-WHI-377', 459000.00, '2026-06-26 13:58:24.510368', '2026-06-26 13:58:24.510368');
INSERT INTO public.product_variants (id, product_id, size, color, stock, sku, price, created_at, updated_at) VALUES (378, 32, 'M', 'Beige', 15, 'LF-032-M-BEI-378', 459000.00, '2026-06-26 13:58:24.510368', '2026-06-26 13:58:24.510368');
INSERT INTO public.product_variants (id, product_id, size, color, stock, sku, price, created_at, updated_at) VALUES (379, 32, 'L', 'Black', 18, 'LF-032-L-BLA-379', 459000.00, '2026-06-26 13:58:24.510368', '2026-06-26 13:58:24.510368');
INSERT INTO public.product_variants (id, product_id, size, color, stock, sku, price, created_at, updated_at) VALUES (380, 32, 'L', 'White', 21, 'LF-032-L-WHI-380', 459000.00, '2026-06-26 13:58:24.510368', '2026-06-26 13:58:24.510368');
INSERT INTO public.product_variants (id, product_id, size, color, stock, sku, price, created_at, updated_at) VALUES (381, 32, 'L', 'Beige', 24, 'LF-032-L-BEI-381', 459000.00, '2026-06-26 13:58:24.510368', '2026-06-26 13:58:24.510368');
INSERT INTO public.product_variants (id, product_id, size, color, stock, sku, price, created_at, updated_at) VALUES (382, 32, 'XL', 'Black', 27, 'LF-032-XL-BLA-382', 459000.00, '2026-06-26 13:58:24.510368', '2026-06-26 13:58:24.510368');
INSERT INTO public.product_variants (id, product_id, size, color, stock, sku, price, created_at, updated_at) VALUES (383, 32, 'XL', 'White', 30, 'LF-032-XL-WHI-383', 459000.00, '2026-06-26 13:58:24.510368', '2026-06-26 13:58:24.510368');
INSERT INTO public.product_variants (id, product_id, size, color, stock, sku, price, created_at, updated_at) VALUES (384, 32, 'XL', 'Beige', 33, 'LF-032-XL-BEI-384', 459000.00, '2026-06-26 13:58:24.510368', '2026-06-26 13:58:24.510368');
INSERT INTO public.product_variants (id, product_id, size, color, stock, sku, price, created_at, updated_at) VALUES (385, 33, 'S', 'Black', 43, 'LF-033-S-BLA-385', 489000.00, '2026-06-26 13:58:24.510368', '2026-06-26 13:58:24.510368');
INSERT INTO public.product_variants (id, product_id, size, color, stock, sku, price, created_at, updated_at) VALUES (386, 33, 'S', 'White', 46, 'LF-033-S-WHI-386', 489000.00, '2026-06-26 13:58:24.510368', '2026-06-26 13:58:24.510368');
INSERT INTO public.product_variants (id, product_id, size, color, stock, sku, price, created_at, updated_at) VALUES (387, 33, 'S', 'Beige', 49, 'LF-033-S-BEI-387', 489000.00, '2026-06-26 13:58:24.510368', '2026-06-26 13:58:24.510368');
INSERT INTO public.product_variants (id, product_id, size, color, stock, sku, price, created_at, updated_at) VALUES (388, 33, 'M', 'Black', 11, 'LF-033-M-BLA-388', 489000.00, '2026-06-26 13:58:24.510368', '2026-06-26 13:58:24.510368');
INSERT INTO public.product_variants (id, product_id, size, color, stock, sku, price, created_at, updated_at) VALUES (389, 33, 'M', 'White', 14, 'LF-033-M-WHI-389', 489000.00, '2026-06-26 13:58:24.510368', '2026-06-26 13:58:24.510368');
INSERT INTO public.product_variants (id, product_id, size, color, stock, sku, price, created_at, updated_at) VALUES (390, 33, 'M', 'Beige', 17, 'LF-033-M-BEI-390', 489000.00, '2026-06-26 13:58:24.510368', '2026-06-26 13:58:24.510368');
INSERT INTO public.product_variants (id, product_id, size, color, stock, sku, price, created_at, updated_at) VALUES (391, 33, 'L', 'Black', 20, 'LF-033-L-BLA-391', 489000.00, '2026-06-26 13:58:24.510368', '2026-06-26 13:58:24.510368');
INSERT INTO public.product_variants (id, product_id, size, color, stock, sku, price, created_at, updated_at) VALUES (392, 33, 'L', 'White', 23, 'LF-033-L-WHI-392', 489000.00, '2026-06-26 13:58:24.510368', '2026-06-26 13:58:24.510368');
INSERT INTO public.product_variants (id, product_id, size, color, stock, sku, price, created_at, updated_at) VALUES (393, 33, 'L', 'Beige', 26, 'LF-033-L-BEI-393', 489000.00, '2026-06-26 13:58:24.510368', '2026-06-26 13:58:24.510368');
INSERT INTO public.product_variants (id, product_id, size, color, stock, sku, price, created_at, updated_at) VALUES (394, 33, 'XL', 'Black', 29, 'LF-033-XL-BLA-394', 489000.00, '2026-06-26 13:58:24.510368', '2026-06-26 13:58:24.510368');
INSERT INTO public.product_variants (id, product_id, size, color, stock, sku, price, created_at, updated_at) VALUES (395, 33, 'XL', 'White', 32, 'LF-033-XL-WHI-395', 489000.00, '2026-06-26 13:58:24.510368', '2026-06-26 13:58:24.510368');
INSERT INTO public.product_variants (id, product_id, size, color, stock, sku, price, created_at, updated_at) VALUES (396, 33, 'XL', 'Beige', 35, 'LF-033-XL-BEI-396', 489000.00, '2026-06-26 13:58:24.510368', '2026-06-26 13:58:24.510368');
INSERT INTO public.product_variants (id, product_id, size, color, stock, sku, price, created_at, updated_at) VALUES (397, 34, 'S', 'Black', 45, 'LF-034-S-BLA-397', 399000.00, '2026-06-26 13:58:24.510368', '2026-06-26 13:58:24.510368');
INSERT INTO public.product_variants (id, product_id, size, color, stock, sku, price, created_at, updated_at) VALUES (398, 34, 'S', 'White', 48, 'LF-034-S-WHI-398', 399000.00, '2026-06-26 13:58:24.510368', '2026-06-26 13:58:24.510368');
INSERT INTO public.product_variants (id, product_id, size, color, stock, sku, price, created_at, updated_at) VALUES (399, 34, 'S', 'Beige', 10, 'LF-034-S-BEI-399', 399000.00, '2026-06-26 13:58:24.510368', '2026-06-26 13:58:24.510368');
INSERT INTO public.product_variants (id, product_id, size, color, stock, sku, price, created_at, updated_at) VALUES (400, 34, 'M', 'Black', 13, 'LF-034-M-BLA-400', 399000.00, '2026-06-26 13:58:24.510368', '2026-06-26 13:58:24.510368');
INSERT INTO public.product_variants (id, product_id, size, color, stock, sku, price, created_at, updated_at) VALUES (401, 34, 'M', 'White', 16, 'LF-034-M-WHI-401', 399000.00, '2026-06-26 13:58:24.510368', '2026-06-26 13:58:24.510368');
INSERT INTO public.product_variants (id, product_id, size, color, stock, sku, price, created_at, updated_at) VALUES (402, 34, 'M', 'Beige', 19, 'LF-034-M-BEI-402', 399000.00, '2026-06-26 13:58:24.510368', '2026-06-26 13:58:24.510368');
INSERT INTO public.product_variants (id, product_id, size, color, stock, sku, price, created_at, updated_at) VALUES (403, 34, 'L', 'Black', 22, 'LF-034-L-BLA-403', 399000.00, '2026-06-26 13:58:24.510368', '2026-06-26 13:58:24.510368');
INSERT INTO public.product_variants (id, product_id, size, color, stock, sku, price, created_at, updated_at) VALUES (404, 34, 'L', 'White', 25, 'LF-034-L-WHI-404', 399000.00, '2026-06-26 13:58:24.510368', '2026-06-26 13:58:24.510368');
INSERT INTO public.product_variants (id, product_id, size, color, stock, sku, price, created_at, updated_at) VALUES (405, 34, 'L', 'Beige', 28, 'LF-034-L-BEI-405', 399000.00, '2026-06-26 13:58:24.510368', '2026-06-26 13:58:24.510368');
INSERT INTO public.product_variants (id, product_id, size, color, stock, sku, price, created_at, updated_at) VALUES (406, 34, 'XL', 'Black', 31, 'LF-034-XL-BLA-406', 399000.00, '2026-06-26 13:58:24.510368', '2026-06-26 13:58:24.510368');
INSERT INTO public.product_variants (id, product_id, size, color, stock, sku, price, created_at, updated_at) VALUES (407, 34, 'XL', 'White', 34, 'LF-034-XL-WHI-407', 399000.00, '2026-06-26 13:58:24.510368', '2026-06-26 13:58:24.510368');
INSERT INTO public.product_variants (id, product_id, size, color, stock, sku, price, created_at, updated_at) VALUES (408, 34, 'XL', 'Beige', 37, 'LF-034-XL-BEI-408', 399000.00, '2026-06-26 13:58:24.510368', '2026-06-26 13:58:24.510368');
INSERT INTO public.product_variants (id, product_id, size, color, stock, sku, price, created_at, updated_at) VALUES (409, 35, 'S', 'Black', 47, 'LF-035-S-BLA-409', 429000.00, '2026-06-26 13:58:24.510368', '2026-06-26 13:58:24.510368');
INSERT INTO public.product_variants (id, product_id, size, color, stock, sku, price, created_at, updated_at) VALUES (410, 35, 'S', 'White', 50, 'LF-035-S-WHI-410', 429000.00, '2026-06-26 13:58:24.510368', '2026-06-26 13:58:24.510368');
INSERT INTO public.product_variants (id, product_id, size, color, stock, sku, price, created_at, updated_at) VALUES (411, 35, 'S', 'Beige', 12, 'LF-035-S-BEI-411', 429000.00, '2026-06-26 13:58:24.510368', '2026-06-26 13:58:24.510368');
INSERT INTO public.product_variants (id, product_id, size, color, stock, sku, price, created_at, updated_at) VALUES (412, 35, 'M', 'Black', 15, 'LF-035-M-BLA-412', 429000.00, '2026-06-26 13:58:24.510368', '2026-06-26 13:58:24.510368');
INSERT INTO public.product_variants (id, product_id, size, color, stock, sku, price, created_at, updated_at) VALUES (413, 35, 'M', 'White', 18, 'LF-035-M-WHI-413', 429000.00, '2026-06-26 13:58:24.510368', '2026-06-26 13:58:24.510368');
INSERT INTO public.product_variants (id, product_id, size, color, stock, sku, price, created_at, updated_at) VALUES (414, 35, 'M', 'Beige', 21, 'LF-035-M-BEI-414', 429000.00, '2026-06-26 13:58:24.510368', '2026-06-26 13:58:24.510368');
INSERT INTO public.product_variants (id, product_id, size, color, stock, sku, price, created_at, updated_at) VALUES (415, 35, 'L', 'Black', 24, 'LF-035-L-BLA-415', 429000.00, '2026-06-26 13:58:24.510368', '2026-06-26 13:58:24.510368');
INSERT INTO public.product_variants (id, product_id, size, color, stock, sku, price, created_at, updated_at) VALUES (416, 35, 'L', 'White', 27, 'LF-035-L-WHI-416', 429000.00, '2026-06-26 13:58:24.510368', '2026-06-26 13:58:24.510368');
INSERT INTO public.product_variants (id, product_id, size, color, stock, sku, price, created_at, updated_at) VALUES (417, 35, 'L', 'Beige', 30, 'LF-035-L-BEI-417', 429000.00, '2026-06-26 13:58:24.510368', '2026-06-26 13:58:24.510368');
INSERT INTO public.product_variants (id, product_id, size, color, stock, sku, price, created_at, updated_at) VALUES (418, 35, 'XL', 'Black', 33, 'LF-035-XL-BLA-418', 429000.00, '2026-06-26 13:58:24.510368', '2026-06-26 13:58:24.510368');
INSERT INTO public.product_variants (id, product_id, size, color, stock, sku, price, created_at, updated_at) VALUES (419, 35, 'XL', 'White', 36, 'LF-035-XL-WHI-419', 429000.00, '2026-06-26 13:58:24.510368', '2026-06-26 13:58:24.510368');
INSERT INTO public.product_variants (id, product_id, size, color, stock, sku, price, created_at, updated_at) VALUES (420, 35, 'XL', 'Beige', 39, 'LF-035-XL-BEI-420', 429000.00, '2026-06-26 13:58:24.510368', '2026-06-26 13:58:24.510368');
INSERT INTO public.product_variants (id, product_id, size, color, stock, sku, price, created_at, updated_at) VALUES (421, 36, 'S', 'Black', 49, 'LF-036-S-BLA-421', 359000.00, '2026-06-26 13:58:24.510368', '2026-06-26 13:58:24.510368');
INSERT INTO public.product_variants (id, product_id, size, color, stock, sku, price, created_at, updated_at) VALUES (422, 36, 'S', 'White', 11, 'LF-036-S-WHI-422', 359000.00, '2026-06-26 13:58:24.510368', '2026-06-26 13:58:24.510368');
INSERT INTO public.product_variants (id, product_id, size, color, stock, sku, price, created_at, updated_at) VALUES (423, 36, 'S', 'Beige', 14, 'LF-036-S-BEI-423', 359000.00, '2026-06-26 13:58:24.510368', '2026-06-26 13:58:24.510368');
INSERT INTO public.product_variants (id, product_id, size, color, stock, sku, price, created_at, updated_at) VALUES (424, 36, 'M', 'Black', 17, 'LF-036-M-BLA-424', 359000.00, '2026-06-26 13:58:24.510368', '2026-06-26 13:58:24.510368');
INSERT INTO public.product_variants (id, product_id, size, color, stock, sku, price, created_at, updated_at) VALUES (425, 36, 'M', 'White', 20, 'LF-036-M-WHI-425', 359000.00, '2026-06-26 13:58:24.510368', '2026-06-26 13:58:24.510368');
INSERT INTO public.product_variants (id, product_id, size, color, stock, sku, price, created_at, updated_at) VALUES (426, 36, 'M', 'Beige', 23, 'LF-036-M-BEI-426', 359000.00, '2026-06-26 13:58:24.510368', '2026-06-26 13:58:24.510368');
INSERT INTO public.product_variants (id, product_id, size, color, stock, sku, price, created_at, updated_at) VALUES (427, 36, 'L', 'Black', 26, 'LF-036-L-BLA-427', 359000.00, '2026-06-26 13:58:24.510368', '2026-06-26 13:58:24.510368');
INSERT INTO public.product_variants (id, product_id, size, color, stock, sku, price, created_at, updated_at) VALUES (428, 36, 'L', 'White', 29, 'LF-036-L-WHI-428', 359000.00, '2026-06-26 13:58:24.510368', '2026-06-26 13:58:24.510368');
INSERT INTO public.product_variants (id, product_id, size, color, stock, sku, price, created_at, updated_at) VALUES (429, 36, 'L', 'Beige', 32, 'LF-036-L-BEI-429', 359000.00, '2026-06-26 13:58:24.510368', '2026-06-26 13:58:24.510368');
INSERT INTO public.product_variants (id, product_id, size, color, stock, sku, price, created_at, updated_at) VALUES (430, 36, 'XL', 'Black', 35, 'LF-036-XL-BLA-430', 359000.00, '2026-06-26 13:58:24.510368', '2026-06-26 13:58:24.510368');
INSERT INTO public.product_variants (id, product_id, size, color, stock, sku, price, created_at, updated_at) VALUES (431, 36, 'XL', 'White', 38, 'LF-036-XL-WHI-431', 359000.00, '2026-06-26 13:58:24.510368', '2026-06-26 13:58:24.510368');
INSERT INTO public.product_variants (id, product_id, size, color, stock, sku, price, created_at, updated_at) VALUES (432, 36, 'XL', 'Beige', 41, 'LF-036-XL-BEI-432', 359000.00, '2026-06-26 13:58:24.510368', '2026-06-26 13:58:24.510368');
INSERT INTO public.product_variants (id, product_id, size, color, stock, sku, price, created_at, updated_at) VALUES (433, 37, 'S', 'Black', 10, 'LF-037-S-BLA-433', 269000.00, '2026-06-26 13:58:24.510368', '2026-06-26 13:58:24.510368');
INSERT INTO public.product_variants (id, product_id, size, color, stock, sku, price, created_at, updated_at) VALUES (434, 37, 'S', 'White', 13, 'LF-037-S-WHI-434', 269000.00, '2026-06-26 13:58:24.510368', '2026-06-26 13:58:24.510368');
INSERT INTO public.product_variants (id, product_id, size, color, stock, sku, price, created_at, updated_at) VALUES (435, 37, 'S', 'Beige', 16, 'LF-037-S-BEI-435', 269000.00, '2026-06-26 13:58:24.510368', '2026-06-26 13:58:24.510368');
INSERT INTO public.product_variants (id, product_id, size, color, stock, sku, price, created_at, updated_at) VALUES (436, 37, 'M', 'Black', 19, 'LF-037-M-BLA-436', 269000.00, '2026-06-26 13:58:24.510368', '2026-06-26 13:58:24.510368');
INSERT INTO public.product_variants (id, product_id, size, color, stock, sku, price, created_at, updated_at) VALUES (437, 37, 'M', 'White', 22, 'LF-037-M-WHI-437', 269000.00, '2026-06-26 13:58:24.510368', '2026-06-26 13:58:24.510368');
INSERT INTO public.product_variants (id, product_id, size, color, stock, sku, price, created_at, updated_at) VALUES (438, 37, 'M', 'Beige', 25, 'LF-037-M-BEI-438', 269000.00, '2026-06-26 13:58:24.510368', '2026-06-26 13:58:24.510368');
INSERT INTO public.product_variants (id, product_id, size, color, stock, sku, price, created_at, updated_at) VALUES (439, 37, 'L', 'Black', 28, 'LF-037-L-BLA-439', 269000.00, '2026-06-26 13:58:24.510368', '2026-06-26 13:58:24.510368');
INSERT INTO public.product_variants (id, product_id, size, color, stock, sku, price, created_at, updated_at) VALUES (440, 37, 'L', 'White', 31, 'LF-037-L-WHI-440', 269000.00, '2026-06-26 13:58:24.510368', '2026-06-26 13:58:24.510368');
INSERT INTO public.product_variants (id, product_id, size, color, stock, sku, price, created_at, updated_at) VALUES (441, 37, 'L', 'Beige', 34, 'LF-037-L-BEI-441', 269000.00, '2026-06-26 13:58:24.510368', '2026-06-26 13:58:24.510368');
INSERT INTO public.product_variants (id, product_id, size, color, stock, sku, price, created_at, updated_at) VALUES (442, 37, 'XL', 'Black', 37, 'LF-037-XL-BLA-442', 269000.00, '2026-06-26 13:58:24.510368', '2026-06-26 13:58:24.510368');
INSERT INTO public.product_variants (id, product_id, size, color, stock, sku, price, created_at, updated_at) VALUES (443, 37, 'XL', 'White', 40, 'LF-037-XL-WHI-443', 269000.00, '2026-06-26 13:58:24.510368', '2026-06-26 13:58:24.510368');
INSERT INTO public.product_variants (id, product_id, size, color, stock, sku, price, created_at, updated_at) VALUES (444, 37, 'XL', 'Beige', 43, 'LF-037-XL-BEI-444', 269000.00, '2026-06-26 13:58:24.510368', '2026-06-26 13:58:24.510368');
INSERT INTO public.product_variants (id, product_id, size, color, stock, sku, price, created_at, updated_at) VALUES (445, 38, 'S', 'Black', 12, 'LF-038-S-BLA-445', 499000.00, '2026-06-26 13:58:24.510368', '2026-06-26 13:58:24.510368');
INSERT INTO public.product_variants (id, product_id, size, color, stock, sku, price, created_at, updated_at) VALUES (446, 38, 'S', 'White', 15, 'LF-038-S-WHI-446', 499000.00, '2026-06-26 13:58:24.510368', '2026-06-26 13:58:24.510368');
INSERT INTO public.product_variants (id, product_id, size, color, stock, sku, price, created_at, updated_at) VALUES (447, 38, 'S', 'Beige', 18, 'LF-038-S-BEI-447', 499000.00, '2026-06-26 13:58:24.510368', '2026-06-26 13:58:24.510368');
INSERT INTO public.product_variants (id, product_id, size, color, stock, sku, price, created_at, updated_at) VALUES (448, 38, 'M', 'Black', 21, 'LF-038-M-BLA-448', 499000.00, '2026-06-26 13:58:24.510368', '2026-06-26 13:58:24.510368');
INSERT INTO public.product_variants (id, product_id, size, color, stock, sku, price, created_at, updated_at) VALUES (449, 38, 'M', 'White', 24, 'LF-038-M-WHI-449', 499000.00, '2026-06-26 13:58:24.510368', '2026-06-26 13:58:24.510368');
INSERT INTO public.product_variants (id, product_id, size, color, stock, sku, price, created_at, updated_at) VALUES (450, 38, 'M', 'Beige', 27, 'LF-038-M-BEI-450', 499000.00, '2026-06-26 13:58:24.510368', '2026-06-26 13:58:24.510368');
INSERT INTO public.product_variants (id, product_id, size, color, stock, sku, price, created_at, updated_at) VALUES (451, 38, 'L', 'Black', 30, 'LF-038-L-BLA-451', 499000.00, '2026-06-26 13:58:24.510368', '2026-06-26 13:58:24.510368');
INSERT INTO public.product_variants (id, product_id, size, color, stock, sku, price, created_at, updated_at) VALUES (452, 38, 'L', 'White', 33, 'LF-038-L-WHI-452', 499000.00, '2026-06-26 13:58:24.510368', '2026-06-26 13:58:24.510368');
INSERT INTO public.product_variants (id, product_id, size, color, stock, sku, price, created_at, updated_at) VALUES (453, 38, 'L', 'Beige', 36, 'LF-038-L-BEI-453', 499000.00, '2026-06-26 13:58:24.510368', '2026-06-26 13:58:24.510368');
INSERT INTO public.product_variants (id, product_id, size, color, stock, sku, price, created_at, updated_at) VALUES (454, 38, 'XL', 'Black', 39, 'LF-038-XL-BLA-454', 499000.00, '2026-06-26 13:58:24.510368', '2026-06-26 13:58:24.510368');
INSERT INTO public.product_variants (id, product_id, size, color, stock, sku, price, created_at, updated_at) VALUES (455, 38, 'XL', 'White', 42, 'LF-038-XL-WHI-455', 499000.00, '2026-06-26 13:58:24.510368', '2026-06-26 13:58:24.510368');
INSERT INTO public.product_variants (id, product_id, size, color, stock, sku, price, created_at, updated_at) VALUES (456, 38, 'XL', 'Beige', 45, 'LF-038-XL-BEI-456', 499000.00, '2026-06-26 13:58:24.510368', '2026-06-26 13:58:24.510368');
INSERT INTO public.product_variants (id, product_id, size, color, stock, sku, price, created_at, updated_at) VALUES (457, 39, 'S', 'Black', 14, 'LF-039-S-BLA-457', 459000.00, '2026-06-26 13:58:24.510368', '2026-06-26 13:58:24.510368');
INSERT INTO public.product_variants (id, product_id, size, color, stock, sku, price, created_at, updated_at) VALUES (458, 39, 'S', 'White', 17, 'LF-039-S-WHI-458', 459000.00, '2026-06-26 13:58:24.510368', '2026-06-26 13:58:24.510368');
INSERT INTO public.product_variants (id, product_id, size, color, stock, sku, price, created_at, updated_at) VALUES (459, 39, 'S', 'Beige', 20, 'LF-039-S-BEI-459', 459000.00, '2026-06-26 13:58:24.510368', '2026-06-26 13:58:24.510368');
INSERT INTO public.product_variants (id, product_id, size, color, stock, sku, price, created_at, updated_at) VALUES (460, 39, 'M', 'Black', 23, 'LF-039-M-BLA-460', 459000.00, '2026-06-26 13:58:24.510368', '2026-06-26 13:58:24.510368');
INSERT INTO public.product_variants (id, product_id, size, color, stock, sku, price, created_at, updated_at) VALUES (461, 39, 'M', 'White', 26, 'LF-039-M-WHI-461', 459000.00, '2026-06-26 13:58:24.510368', '2026-06-26 13:58:24.510368');
INSERT INTO public.product_variants (id, product_id, size, color, stock, sku, price, created_at, updated_at) VALUES (462, 39, 'M', 'Beige', 29, 'LF-039-M-BEI-462', 459000.00, '2026-06-26 13:58:24.510368', '2026-06-26 13:58:24.510368');
INSERT INTO public.product_variants (id, product_id, size, color, stock, sku, price, created_at, updated_at) VALUES (463, 39, 'L', 'Black', 32, 'LF-039-L-BLA-463', 459000.00, '2026-06-26 13:58:24.510368', '2026-06-26 13:58:24.510368');
INSERT INTO public.product_variants (id, product_id, size, color, stock, sku, price, created_at, updated_at) VALUES (464, 39, 'L', 'White', 35, 'LF-039-L-WHI-464', 459000.00, '2026-06-26 13:58:24.510368', '2026-06-26 13:58:24.510368');
INSERT INTO public.product_variants (id, product_id, size, color, stock, sku, price, created_at, updated_at) VALUES (465, 39, 'L', 'Beige', 38, 'LF-039-L-BEI-465', 459000.00, '2026-06-26 13:58:24.510368', '2026-06-26 13:58:24.510368');
INSERT INTO public.product_variants (id, product_id, size, color, stock, sku, price, created_at, updated_at) VALUES (466, 39, 'XL', 'Black', 41, 'LF-039-XL-BLA-466', 459000.00, '2026-06-26 13:58:24.510368', '2026-06-26 13:58:24.510368');
INSERT INTO public.product_variants (id, product_id, size, color, stock, sku, price, created_at, updated_at) VALUES (467, 39, 'XL', 'White', 44, 'LF-039-XL-WHI-467', 459000.00, '2026-06-26 13:58:24.510368', '2026-06-26 13:58:24.510368');
INSERT INTO public.product_variants (id, product_id, size, color, stock, sku, price, created_at, updated_at) VALUES (468, 39, 'XL', 'Beige', 47, 'LF-039-XL-BEI-468', 459000.00, '2026-06-26 13:58:24.510368', '2026-06-26 13:58:24.510368');
INSERT INTO public.product_variants (id, product_id, size, color, stock, sku, price, created_at, updated_at) VALUES (469, 40, 'S', 'Black', 16, 'LF-040-S-BLA-469', 529000.00, '2026-06-26 13:58:24.510368', '2026-06-26 13:58:24.510368');
INSERT INTO public.product_variants (id, product_id, size, color, stock, sku, price, created_at, updated_at) VALUES (470, 40, 'S', 'White', 19, 'LF-040-S-WHI-470', 529000.00, '2026-06-26 13:58:24.510368', '2026-06-26 13:58:24.510368');
INSERT INTO public.product_variants (id, product_id, size, color, stock, sku, price, created_at, updated_at) VALUES (471, 40, 'S', 'Beige', 22, 'LF-040-S-BEI-471', 529000.00, '2026-06-26 13:58:24.510368', '2026-06-26 13:58:24.510368');
INSERT INTO public.product_variants (id, product_id, size, color, stock, sku, price, created_at, updated_at) VALUES (472, 40, 'M', 'Black', 25, 'LF-040-M-BLA-472', 529000.00, '2026-06-26 13:58:24.510368', '2026-06-26 13:58:24.510368');
INSERT INTO public.product_variants (id, product_id, size, color, stock, sku, price, created_at, updated_at) VALUES (473, 40, 'M', 'White', 28, 'LF-040-M-WHI-473', 529000.00, '2026-06-26 13:58:24.510368', '2026-06-26 13:58:24.510368');
INSERT INTO public.product_variants (id, product_id, size, color, stock, sku, price, created_at, updated_at) VALUES (474, 40, 'M', 'Beige', 31, 'LF-040-M-BEI-474', 529000.00, '2026-06-26 13:58:24.510368', '2026-06-26 13:58:24.510368');
INSERT INTO public.product_variants (id, product_id, size, color, stock, sku, price, created_at, updated_at) VALUES (475, 40, 'L', 'Black', 34, 'LF-040-L-BLA-475', 529000.00, '2026-06-26 13:58:24.510368', '2026-06-26 13:58:24.510368');
INSERT INTO public.product_variants (id, product_id, size, color, stock, sku, price, created_at, updated_at) VALUES (476, 40, 'L', 'White', 37, 'LF-040-L-WHI-476', 529000.00, '2026-06-26 13:58:24.510368', '2026-06-26 13:58:24.510368');
INSERT INTO public.product_variants (id, product_id, size, color, stock, sku, price, created_at, updated_at) VALUES (477, 40, 'L', 'Beige', 40, 'LF-040-L-BEI-477', 529000.00, '2026-06-26 13:58:24.510368', '2026-06-26 13:58:24.510368');
INSERT INTO public.product_variants (id, product_id, size, color, stock, sku, price, created_at, updated_at) VALUES (478, 40, 'XL', 'Black', 43, 'LF-040-XL-BLA-478', 529000.00, '2026-06-26 13:58:24.510368', '2026-06-26 13:58:24.510368');
INSERT INTO public.product_variants (id, product_id, size, color, stock, sku, price, created_at, updated_at) VALUES (479, 40, 'XL', 'White', 46, 'LF-040-XL-WHI-479', 529000.00, '2026-06-26 13:58:24.510368', '2026-06-26 13:58:24.510368');
INSERT INTO public.product_variants (id, product_id, size, color, stock, sku, price, created_at, updated_at) VALUES (480, 40, 'XL', 'Beige', 49, 'LF-040-XL-BEI-480', 529000.00, '2026-06-26 13:58:24.510368', '2026-06-26 13:58:24.510368');
INSERT INTO public.product_variants (id, product_id, size, color, stock, sku, price, created_at, updated_at) VALUES (481, 41, 'FREE_SIZE', 'Black', 18, 'LF-041-FREE-SIZE-BLA-481', 159000.00, '2026-06-26 13:58:24.510368', '2026-06-26 13:58:24.510368');
INSERT INTO public.product_variants (id, product_id, size, color, stock, sku, price, created_at, updated_at) VALUES (482, 41, 'FREE_SIZE', 'Brown', 21, 'LF-041-FREE-SIZE-BRO-482', 159000.00, '2026-06-26 13:58:24.510368', '2026-06-26 13:58:24.510368');
INSERT INTO public.product_variants (id, product_id, size, color, stock, sku, price, created_at, updated_at) VALUES (483, 41, 'FREE_SIZE', 'Beige', 24, 'LF-041-FREE-SIZE-BEI-483', 159000.00, '2026-06-26 13:58:24.510368', '2026-06-26 13:58:24.510368');
INSERT INTO public.product_variants (id, product_id, size, color, stock, sku, price, created_at, updated_at) VALUES (484, 42, 'FREE_SIZE', 'Black', 34, 'LF-042-FREE-SIZE-BLA-484', 129000.00, '2026-06-26 13:58:24.510368', '2026-06-26 13:58:24.510368');
INSERT INTO public.product_variants (id, product_id, size, color, stock, sku, price, created_at, updated_at) VALUES (485, 42, 'FREE_SIZE', 'Brown', 37, 'LF-042-FREE-SIZE-BRO-485', 129000.00, '2026-06-26 13:58:24.510368', '2026-06-26 13:58:24.510368');
INSERT INTO public.product_variants (id, product_id, size, color, stock, sku, price, created_at, updated_at) VALUES (486, 42, 'FREE_SIZE', 'Beige', 40, 'LF-042-FREE-SIZE-BEI-486', 129000.00, '2026-06-26 13:58:24.510368', '2026-06-26 13:58:24.510368');
INSERT INTO public.product_variants (id, product_id, size, color, stock, sku, price, created_at, updated_at) VALUES (487, 43, 'FREE_SIZE', 'Black', 50, 'LF-043-FREE-SIZE-BLA-487', 189000.00, '2026-06-26 13:58:24.510368', '2026-06-26 13:58:24.510368');
INSERT INTO public.product_variants (id, product_id, size, color, stock, sku, price, created_at, updated_at) VALUES (488, 43, 'FREE_SIZE', 'Brown', 12, 'LF-043-FREE-SIZE-BRO-488', 189000.00, '2026-06-26 13:58:24.510368', '2026-06-26 13:58:24.510368');
INSERT INTO public.product_variants (id, product_id, size, color, stock, sku, price, created_at, updated_at) VALUES (489, 43, 'FREE_SIZE', 'Beige', 15, 'LF-043-FREE-SIZE-BEI-489', 189000.00, '2026-06-26 13:58:24.510368', '2026-06-26 13:58:24.510368');
INSERT INTO public.product_variants (id, product_id, size, color, stock, sku, price, created_at, updated_at) VALUES (490, 44, 'FREE_SIZE', 'Black', 25, 'LF-044-FREE-SIZE-BLA-490', 59000.00, '2026-06-26 13:58:24.510368', '2026-06-26 13:58:24.510368');
INSERT INTO public.product_variants (id, product_id, size, color, stock, sku, price, created_at, updated_at) VALUES (491, 44, 'FREE_SIZE', 'Brown', 28, 'LF-044-FREE-SIZE-BRO-491', 59000.00, '2026-06-26 13:58:24.510368', '2026-06-26 13:58:24.510368');
INSERT INTO public.product_variants (id, product_id, size, color, stock, sku, price, created_at, updated_at) VALUES (492, 44, 'FREE_SIZE', 'Beige', 31, 'LF-044-FREE-SIZE-BEI-492', 59000.00, '2026-06-26 13:58:24.510368', '2026-06-26 13:58:24.510368');
INSERT INTO public.product_variants (id, product_id, size, color, stock, sku, price, created_at, updated_at) VALUES (493, 45, 'FREE_SIZE', 'Black', 41, 'LF-045-FREE-SIZE-BLA-493', 219000.00, '2026-06-26 13:58:24.510368', '2026-06-26 13:58:24.510368');
INSERT INTO public.product_variants (id, product_id, size, color, stock, sku, price, created_at, updated_at) VALUES (494, 45, 'FREE_SIZE', 'Brown', 44, 'LF-045-FREE-SIZE-BRO-494', 219000.00, '2026-06-26 13:58:24.510368', '2026-06-26 13:58:24.510368');
INSERT INTO public.product_variants (id, product_id, size, color, stock, sku, price, created_at, updated_at) VALUES (495, 45, 'FREE_SIZE', 'Beige', 47, 'LF-045-FREE-SIZE-BEI-495', 219000.00, '2026-06-26 13:58:24.510368', '2026-06-26 13:58:24.510368');
INSERT INTO public.product_variants (id, product_id, size, color, stock, sku, price, created_at, updated_at) VALUES (496, 46, 'FREE_SIZE', 'Black', 16, 'LF-046-FREE-SIZE-BLA-496', 89000.00, '2026-06-26 13:58:24.510368', '2026-06-26 13:58:24.510368');
INSERT INTO public.product_variants (id, product_id, size, color, stock, sku, price, created_at, updated_at) VALUES (497, 46, 'FREE_SIZE', 'Brown', 19, 'LF-046-FREE-SIZE-BRO-497', 89000.00, '2026-06-26 13:58:24.510368', '2026-06-26 13:58:24.510368');
INSERT INTO public.product_variants (id, product_id, size, color, stock, sku, price, created_at, updated_at) VALUES (498, 46, 'FREE_SIZE', 'Beige', 22, 'LF-046-FREE-SIZE-BEI-498', 89000.00, '2026-06-26 13:58:24.510368', '2026-06-26 13:58:24.510368');
INSERT INTO public.product_variants (id, product_id, size, color, stock, sku, price, created_at, updated_at) VALUES (499, 47, 'FREE_SIZE', 'Black', 32, 'LF-047-FREE-SIZE-BLA-499', 149000.00, '2026-06-26 13:58:24.510368', '2026-06-26 13:58:24.510368');
INSERT INTO public.product_variants (id, product_id, size, color, stock, sku, price, created_at, updated_at) VALUES (500, 47, 'FREE_SIZE', 'Brown', 35, 'LF-047-FREE-SIZE-BRO-500', 149000.00, '2026-06-26 13:58:24.510368', '2026-06-26 13:58:24.510368');
INSERT INTO public.product_variants (id, product_id, size, color, stock, sku, price, created_at, updated_at) VALUES (501, 47, 'FREE_SIZE', 'Beige', 38, 'LF-047-FREE-SIZE-BEI-501', 149000.00, '2026-06-26 13:58:24.510368', '2026-06-26 13:58:24.510368');
INSERT INTO public.product_variants (id, product_id, size, color, stock, sku, price, created_at, updated_at) VALUES (502, 48, 'FREE_SIZE', 'Black', 48, 'LF-048-FREE-SIZE-BLA-502', 139000.00, '2026-06-26 13:58:24.510368', '2026-06-26 13:58:24.510368');
INSERT INTO public.product_variants (id, product_id, size, color, stock, sku, price, created_at, updated_at) VALUES (503, 48, 'FREE_SIZE', 'Brown', 10, 'LF-048-FREE-SIZE-BRO-503', 139000.00, '2026-06-26 13:58:24.510368', '2026-06-26 13:58:24.510368');
INSERT INTO public.product_variants (id, product_id, size, color, stock, sku, price, created_at, updated_at) VALUES (504, 48, 'FREE_SIZE', 'Beige', 13, 'LF-048-FREE-SIZE-BEI-504', 139000.00, '2026-06-26 13:58:24.510368', '2026-06-26 13:58:24.510368');
INSERT INTO public.product_variants (id, product_id, size, color, stock, sku, price, created_at, updated_at) VALUES (505, 49, 'FREE_SIZE', 'Black', 23, 'LF-049-FREE-SIZE-BLA-505', 179000.00, '2026-06-26 13:58:24.510368', '2026-06-26 13:58:24.510368');
INSERT INTO public.product_variants (id, product_id, size, color, stock, sku, price, created_at, updated_at) VALUES (506, 49, 'FREE_SIZE', 'Brown', 26, 'LF-049-FREE-SIZE-BRO-506', 179000.00, '2026-06-26 13:58:24.510368', '2026-06-26 13:58:24.510368');
INSERT INTO public.product_variants (id, product_id, size, color, stock, sku, price, created_at, updated_at) VALUES (507, 49, 'FREE_SIZE', 'Beige', 29, 'LF-049-FREE-SIZE-BEI-507', 179000.00, '2026-06-26 13:58:24.510368', '2026-06-26 13:58:24.510368');
INSERT INTO public.product_variants (id, product_id, size, color, stock, sku, price, created_at, updated_at) VALUES (508, 50, 'FREE_SIZE', 'Black', 39, 'LF-050-FREE-SIZE-BLA-508', 99000.00, '2026-06-26 13:58:24.510368', '2026-06-26 13:58:24.510368');
INSERT INTO public.product_variants (id, product_id, size, color, stock, sku, price, created_at, updated_at) VALUES (509, 50, 'FREE_SIZE', 'Brown', 42, 'LF-050-FREE-SIZE-BRO-509', 99000.00, '2026-06-26 13:58:24.510368', '2026-06-26 13:58:24.510368');
INSERT INTO public.product_variants (id, product_id, size, color, stock, sku, price, created_at, updated_at) VALUES (510, 50, 'FREE_SIZE', 'Beige', 45, 'LF-050-FREE-SIZE-BEI-510', 99000.00, '2026-06-26 13:58:24.510368', '2026-06-26 13:58:24.510368');


--
-- Name: categories_id_seq; Type: SEQUENCE SET; Schema: public; Owner: -
--

SELECT pg_catalog.setval('public.categories_id_seq', 5, true);


--
-- Name: product_images_id_seq; Type: SEQUENCE SET; Schema: public; Owner: -
--

SELECT pg_catalog.setval('public.product_images_id_seq', 50, true);


--
-- Name: product_variants_id_seq; Type: SEQUENCE SET; Schema: public; Owner: -
--

SELECT pg_catalog.setval('public.product_variants_id_seq', 510, true);


--
-- Name: products_id_seq; Type: SEQUENCE SET; Schema: public; Owner: -
--

SELECT pg_catalog.setval('public.products_id_seq', 50, true);


--
-- PostgreSQL database dump complete
--


